2025-11-19 17:14:29 WARN  com.ososx.tcg.officer.apps.cli.tpl.CliTplCmd Line:163 - 表 充值项 第2058行是空行
2025-11-19 17:14:29 WARN  com.ososx.tcg.officer.apps.cli.tpl.CliTplCmd Line:163 - 表 充值项 第2059行是空行
2025-11-19 17:14:29 WARN  com.ososx.tcg.officer.apps.cli.tpl.CliTplCmd Line:163 - 表 充值项 第2060行是空行
2025-11-19 17:14:29 WARN  com.ososx.tcg.officer.apps.cli.tpl.CliTplCmd Line:163 - 表 充值项 第2061行是空行
2025-11-19 17:14:29 WARN  com.ososx.tcg.officer.apps.cli.tpl.CliTplCmd Line:163 - 表 充值项 第2062行是空行
2025-11-19 17:14:29 WARN  com.ososx.tcg.officer.apps.cli.tpl.CliTplCmd Line:163 - 表 充值项 第2063行是空行
2025-11-19 17:14:29 WARN  com.ososx.tcg.officer.apps.cli.tpl.CliTplCmd Line:163 - 表 充值项 第2064行是空行
2025-11-19 17:14:29 WARN  com.ososx.tcg.officer.apps.cli.tpl.CliTplCmd Line:163 - 表 充值项 第2065行是空行
2025-11-19 17:14:29 WARN  com.ososx.tcg.officer.apps.cli.tpl.CliTplCmd Line:163 - 表 充值项 第2066行是空行
2025-11-19 17:14:29 WARN  com.ososx.tcg.officer.apps.cli.tpl.CliTplCmd Line:163 - 表 充值项 第2067行是空行
2025-11-19 17:14:29 WARN  com.ososx.tcg.officer.apps.cli.tpl.CliTplCmd Line:163 - 表 充值项 第2068行是空行
2025-11-19 17:14:29 WARN  com.ososx.tcg.officer.apps.cli.tpl.CliTplCmd Line:163 - 表 充值项 第2069行是空行
2025-11-19 17:14:29 WARN  com.ososx.tcg.officer.apps.cli.tpl.CliTplCmd Line:163 - 表 充值项 第2070行是空行
2025-11-19 17:14:29 WARN  com.ososx.tcg.officer.apps.cli.tpl.CliTplCmd Line:163 - 表 充值项 第2071行是空行
2025-11-19 17:14:29 WARN  com.ososx.tcg.officer.apps.cli.tpl.CliTplCmd Line:163 - 表 充值项 第2072行是空行
2025-11-19 17:14:29 WARN  com.ososx.tcg.officer.apps.cli.tpl.CliTplCmd Line:163 - 表 充值项 第2073行是空行
2025-11-19 17:14:29 WARN  com.ososx.tcg.officer.apps.cli.tpl.CliTplCmd Line:163 - 表 充值项 第2074行是空行
2025-11-19 17:14:29 WARN  com.ososx.tcg.officer.apps.cli.tpl.CliTplCmd Line:163 - 表 充值项 第2075行是空行
2025-11-19 17:14:29 WARN  com.ososx.tcg.officer.apps.cli.tpl.CliTplCmd Line:163 - 表 充值项 第2076行是空行
2025-11-19 17:14:29 WARN  com.ososx.tcg.officer.apps.cli.tpl.CliTplCmd Line:163 - 表 充值项 第2077行是空行
2025-11-19 17:14:29 WARN  com.ososx.tcg.officer.apps.cli.tpl.CliTplCmd Line:163 - 表 充值项 第2078行是空行
2025-11-19 17:14:29 WARN  com.ososx.tcg.officer.apps.cli.tpl.CliTplCmd Line:163 - 表 充值项 第2079行是空行
2025-11-19 17:14:29 WARN  com.ososx.tcg.officer.apps.cli.tpl.CliTplCmd Line:163 - 表 充值项 第2080行是空行
2025-11-19 17:14:29 WARN  com.ososx.tcg.officer.apps.cli.tpl.CliTplCmd Line:163 - 表 充值项 第2081行是空行
2025-11-19 17:14:29 WARN  com.ososx.tcg.officer.apps.cli.tpl.CliTplCmd Line:163 - 表 充值项 第2082行是空行
2025-11-19 17:14:29 WARN  com.ososx.tcg.officer.apps.cli.tpl.CliTplCmd Line:163 - 表 充值项 第2083行是空行
2025-11-19 17:14:29 WARN  com.ososx.tcg.officer.apps.cli.tpl.CliTplCmd Line:163 - 表 充值项 第2084行是空行
2025-11-19 17:14:29 WARN  com.ososx.tcg.officer.apps.cli.tpl.CliTplCmd Line:163 - 表 充值项 第2085行是空行
2025-11-19 17:14:29 WARN  com.ososx.tcg.officer.apps.cli.tpl.CliTplCmd Line:163 - 表 充值项 第2086行是空行
2025-11-19 17:14:29 WARN  com.ososx.tcg.officer.apps.cli.tpl.CliTplCmd Line:163 - 表 充值项 第2087行是空行
2025-11-19 17:14:29 WARN  com.ososx.tcg.officer.apps.cli.tpl.CliTplCmd Line:163 - 表 充值项 第2088行是空行
2025-11-19 17:14:29 WARN  com.ososx.tcg.officer.apps.cli.tpl.CliTplCmd Line:163 - 表 充值项 第2089行是空行
2025-11-19 17:14:29 WARN  com.ososx.tcg.officer.apps.cli.tpl.CliTplCmd Line:163 - 表 充值项 第2090行是空行
2025-11-19 17:14:29 WARN  com.ososx.tcg.officer.apps.cli.tpl.CliTplCmd Line:163 - 表 充值项 第2091行是空行
2025-11-19 17:14:29 WARN  com.ososx.tcg.officer.apps.cli.tpl.CliTplCmd Line:163 - 表 充值项 第2092行是空行
2025-11-19 17:14:29 WARN  com.ososx.tcg.officer.apps.cli.tpl.CliTplCmd Line:163 - 表 充值项 第2093行是空行
2025-11-19 17:14:29 WARN  com.ososx.tcg.officer.apps.cli.tpl.CliTplCmd Line:163 - 表 充值项 第2094行是空行
2025-11-19 17:14:29 WARN  com.ososx.tcg.officer.apps.cli.tpl.CliTplCmd Line:163 - 表 充值项 第2095行是空行
2025-11-19 17:14:29 WARN  com.ososx.tcg.officer.apps.cli.tpl.CliTplCmd Line:163 - 表 充值项 第2096行是空行
2025-11-19 17:14:29 WARN  com.ososx.tcg.officer.apps.cli.tpl.CliTplCmd Line:163 - 表 充值项 第2097行是空行
2025-11-19 17:14:29 WARN  com.ososx.tcg.officer.apps.cli.tpl.CliTplCmd Line:163 - 表 充值项 第2098行是空行
2025-11-19 17:14:29 WARN  com.ososx.tcg.officer.apps.cli.tpl.CliTplCmd Line:163 - 表 充值项 第2099行是空行
2025-11-19 17:14:29 WARN  com.ososx.tcg.officer.apps.cli.tpl.CliTplCmd Line:163 - 表 充值项 第2100行是空行
2025-11-19 17:14:29 WARN  com.ososx.tcg.officer.apps.cli.tpl.CliTplCmd Line:163 - 表 充值项 第2101行是空行
2025-11-19 17:14:29 WARN  com.ososx.tcg.officer.apps.cli.tpl.CliTplCmd Line:163 - 表 充值项 第2102行是空行
2025-11-19 17:14:29 WARN  com.ososx.tcg.officer.apps.cli.tpl.CliTplCmd Line:163 - 表 充值项 第2103行是空行
2025-11-19 17:14:29 WARN  com.ososx.tcg.officer.apps.cli.tpl.CliTplCmd Line:163 - 表 充值项 第2104行是空行
2025-11-19 17:14:29 WARN  com.ososx.tcg.officer.apps.cli.tpl.CliTplCmd Line:163 - 表 充值项 第2105行是空行
2025-11-19 17:14:29 WARN  com.ososx.tcg.officer.apps.cli.tpl.CliTplCmd Line:163 - 表 充值项 第2106行是空行
2025-11-19 17:14:29 WARN  com.ososx.tcg.officer.apps.cli.tpl.CliTplCmd Line:163 - 表 充值项 第2107行是空行
2025-11-19 17:14:29 WARN  com.ososx.tcg.officer.apps.cli.tpl.CliTplCmd Line:163 - 表 充值项 第2108行是空行
2025-11-19 17:14:29 WARN  com.ososx.tcg.officer.apps.cli.tpl.CliTplCmd Line:163 - 表 充值项 第2109行是空行
2025-11-19 17:14:29 WARN  com.ososx.tcg.officer.apps.cli.tpl.CliTplCmd Line:163 - 表 充值项 第2110行是空行
2025-11-19 17:14:29 WARN  com.ososx.tcg.officer.apps.cli.tpl.CliTplCmd Line:163 - 表 充值项 第2111行是空行
2025-11-19 17:14:29 WARN  com.ososx.tcg.officer.apps.cli.tpl.CliTplCmd Line:163 - 表 充值项 第2112行是空行
2025-11-19 17:14:29 WARN  com.ososx.tcg.officer.apps.cli.tpl.CliTplCmd Line:163 - 表 充值项 第2113行是空行
2025-11-19 17:14:29 WARN  com.ososx.tcg.officer.apps.cli.tpl.CliTplCmd Line:163 - 表 充值项 第2114行是空行
2025-11-19 17:14:29 WARN  com.ososx.tcg.officer.apps.cli.tpl.CliTplCmd Line:163 - 表 充值项 第2115行是空行
2025-11-19 17:14:29 WARN  com.ososx.tcg.officer.apps.cli.tpl.CliTplCmd Line:163 - 表 充值项 第2116行是空行
2025-11-19 17:14:29 WARN  com.ososx.tcg.officer.apps.cli.tpl.CliTplCmd Line:163 - 表 充值项 第2117行是空行
2025-11-19 17:14:29 WARN  com.ososx.tcg.officer.apps.cli.tpl.CliTplCmd Line:163 - 表 充值项 第2118行是空行
2025-11-19 17:14:29 WARN  com.ososx.tcg.officer.apps.cli.tpl.CliTplCmd Line:163 - 表 充值项 第2119行是空行
2025-11-19 17:14:29 WARN  com.ososx.tcg.officer.apps.cli.tpl.CliTplCmd Line:163 - 表 充值项 第2121行是空行
2025-11-19 17:14:29 WARN  com.ososx.tcg.officer.apps.cli.tpl.CliTplCmd Line:163 - 表 充值项 第2122行是空行
2025-11-19 17:14:29 WARN  com.ososx.tcg.officer.apps.cli.tpl.CliTplCmd Line:163 - 表 充值项 第2123行是空行
2025-11-19 17:14:29 WARN  com.ososx.tcg.officer.apps.cli.tpl.CliTplCmd Line:163 - 表 充值项 第2124行是空行
2025-11-19 17:14:29 WARN  com.ososx.tcg.officer.apps.cli.tpl.CliTplCmd Line:163 - 表 充值项 第2125行是空行
2025-11-19 17:14:29 WARN  com.ososx.tcg.officer.apps.cli.tpl.CliTplCmd Line:163 - 表 充值项 第2126行是空行
2025-11-19 17:14:29 WARN  com.ososx.tcg.officer.apps.cli.tpl.CliTplCmd Line:163 - 表 充值项 第2127行是空行
2025-11-19 17:14:29 WARN  com.ososx.tcg.officer.apps.cli.tpl.CliTplCmd Line:163 - 表 充值项 第2128行是空行
2025-11-19 17:14:29 WARN  com.ososx.tcg.officer.apps.cli.tpl.CliTplCmd Line:163 - 表 充值项 第2129行是空行
2025-11-19 17:14:29 WARN  com.ososx.tcg.officer.apps.cli.tpl.CliTplCmd Line:163 - 表 充值项 第2130行是空行
2025-11-19 17:14:29 WARN  com.ososx.tcg.officer.apps.cli.tpl.CliTplCmd Line:163 - 表 充值项 第2131行是空行
2025-11-19 17:14:29 WARN  com.ososx.tcg.officer.apps.cli.tpl.CliTplCmd Line:163 - 表 充值项 第2132行是空行
2025-11-19 17:14:29 WARN  com.ososx.tcg.officer.apps.cli.tpl.CliTplCmd Line:163 - 表 充值项 第2133行是空行
2025-11-19 17:14:29 WARN  com.ososx.tcg.officer.apps.cli.tpl.CliTplCmd Line:163 - 表 充值项 第2134行是空行
2025-11-19 17:14:29 WARN  com.ososx.tcg.officer.apps.cli.tpl.CliTplCmd Line:163 - 表 充值项 第2135行是空行
2025-11-19 17:14:29 WARN  com.ososx.tcg.officer.apps.cli.tpl.CliTplCmd Line:163 - 表 充值项 第2136行是空行
2025-11-19 17:14:29 WARN  com.ososx.tcg.officer.apps.cli.tpl.CliTplCmd Line:163 - 表 充值项 第2137行是空行
2025-11-19 17:14:29 WARN  com.ososx.tcg.officer.apps.cli.tpl.CliTplCmd Line:163 - 表 充值项 第2138行是空行
2025-11-19 17:14:29 WARN  com.ososx.tcg.officer.apps.cli.tpl.CliTplCmd Line:163 - 表 充值项 第2139行是空行
2025-11-19 17:14:29 WARN  com.ososx.tcg.officer.apps.cli.tpl.CliTplCmd Line:163 - 表 充值项 第2140行是空行
2025-11-19 17:14:29 WARN  com.ososx.tcg.officer.apps.cli.tpl.CliTplCmd Line:163 - 表 充值项 第2141行是空行
2025-11-19 17:14:29 WARN  com.ososx.tcg.officer.apps.cli.tpl.CliTplCmd Line:163 - 表 充值项 第2142行是空行
2025-11-19 17:14:29 WARN  com.ososx.tcg.officer.apps.cli.tpl.CliTplCmd Line:163 - 表 充值项 第2143行是空行
2025-11-19 17:14:29 WARN  com.ososx.tcg.officer.apps.cli.tpl.CliTplCmd Line:163 - 表 充值项 第2144行是空行
2025-11-19 17:14:29 WARN  com.ososx.tcg.officer.apps.cli.tpl.CliTplCmd Line:163 - 表 充值项 第2145行是空行
2025-11-19 17:14:29 WARN  com.ososx.tcg.officer.apps.cli.tpl.CliTplCmd Line:163 - 表 充值项 第2146行是空行
2025-11-19 17:14:29 WARN  com.ososx.tcg.officer.apps.cli.tpl.CliTplCmd Line:163 - 表 充值项 第2147行是空行
2025-11-19 17:14:29 WARN  com.ososx.tcg.officer.apps.cli.tpl.CliTplCmd Line:163 - 表 充值项 第2148行是空行
2025-11-19 17:14:29 WARN  com.ososx.tcg.officer.apps.cli.tpl.CliTplCmd Line:163 - 表 充值项 第2149行是空行
2025-11-19 17:14:29 WARN  com.ososx.tcg.officer.apps.cli.tpl.CliTplCmd Line:163 - 表 充值项 第2150行是空行
2025-11-19 17:14:29 WARN  com.ososx.tcg.officer.apps.cli.tpl.CliTplCmd Line:163 - 表 充值项 第2151行是空行
2025-11-19 17:14:29 WARN  com.ososx.tcg.officer.apps.cli.tpl.CliTplCmd Line:163 - 表 充值项 第2152行是空行
2025-11-19 17:14:29 WARN  com.ososx.tcg.officer.apps.cli.tpl.CliTplCmd Line:163 - 表 充值项 第2153行是空行
2025-11-19 17:14:29 WARN  com.ososx.tcg.officer.apps.cli.tpl.CliTplCmd Line:163 - 表 充值项 第2154行是空行
2025-11-19 17:14:29 WARN  com.ososx.tcg.officer.apps.cli.tpl.CliTplCmd Line:163 - 表 充值项 第2155行是空行
2025-11-19 17:14:29 WARN  com.ososx.tcg.officer.apps.cli.tpl.CliTplCmd Line:163 - 表 充值项 第2156行是空行
2025-11-19 17:14:29 WARN  com.ososx.tcg.officer.apps.cli.tpl.CliTplCmd Line:163 - 表 充值项 第2157行是空行
2025-11-19 17:14:29 WARN  com.ososx.tcg.officer.apps.cli.tpl.CliTplCmd Line:163 - 表 充值项 第2158行是空行
2025-11-19 17:14:29 WARN  com.ososx.tcg.officer.apps.cli.tpl.CliTplCmd Line:163 - 表 充值项 第2159行是空行
2025-11-19 17:14:29 WARN  com.ososx.tcg.officer.apps.cli.tpl.CliTplCmd Line:163 - 表 充值项 第2160行是空行
2025-11-19 17:14:29 WARN  com.ososx.tcg.officer.apps.cli.tpl.CliTplCmd Line:163 - 表 充值项 第2161行是空行
2025-11-19 17:14:29 WARN  com.ososx.tcg.officer.apps.cli.tpl.CliTplCmd Line:163 - 表 充值项 第2162行是空行
2025-11-19 17:14:29 WARN  com.ososx.tcg.officer.apps.cli.tpl.CliTplCmd Line:163 - 表 充值项 第2163行是空行
2025-11-19 17:14:29 WARN  com.ososx.tcg.officer.apps.cli.tpl.CliTplCmd Line:163 - 表 充值项 第2164行是空行
2025-11-19 17:14:29 WARN  com.ososx.tcg.officer.apps.cli.tpl.CliTplCmd Line:163 - 表 充值项 第2165行是空行
2025-11-19 17:14:29 WARN  com.ososx.tcg.officer.apps.cli.tpl.CliTplCmd Line:163 - 表 充值项 第2166行是空行
2025-11-19 17:14:29 WARN  com.ososx.tcg.officer.apps.cli.tpl.CliTplCmd Line:163 - 表 充值项 第2167行是空行
2025-11-19 17:14:29 WARN  com.ososx.tcg.officer.apps.cli.tpl.CliTplCmd Line:163 - 表 充值项 第2168行是空行
2025-11-19 17:14:29 WARN  com.ososx.tcg.officer.apps.cli.tpl.CliTplCmd Line:163 - 表 充值项 第2169行是空行
2025-11-19 17:14:29 WARN  com.ososx.tcg.officer.apps.cli.tpl.CliTplCmd Line:163 - 表 充值项 第2170行是空行
2025-11-19 17:14:29 WARN  com.ososx.tcg.officer.apps.cli.tpl.CliTplCmd Line:163 - 表 充值项 第2171行是空行
2025-11-19 17:14:29 WARN  com.ososx.tcg.officer.apps.cli.tpl.CliTplCmd Line:163 - 表 充值项 第2172行是空行
2025-11-19 17:14:29 WARN  com.ososx.tcg.officer.apps.cli.tpl.CliTplCmd Line:163 - 表 充值项 第2173行是空行
2025-11-19 17:14:29 WARN  com.ososx.tcg.officer.apps.cli.tpl.CliTplCmd Line:163 - 表 充值项 第2174行是空行
2025-11-19 17:14:29 WARN  com.ososx.tcg.officer.apps.cli.tpl.CliTplCmd Line:163 - 表 充值项 第2175行是空行
2025-11-19 17:14:29 WARN  com.ososx.tcg.officer.apps.cli.tpl.CliTplCmd Line:163 - 表 充值项 第2176行是空行
2025-11-19 17:14:29 WARN  com.ososx.tcg.officer.apps.cli.tpl.CliTplCmd Line:163 - 表 充值项 第2177行是空行
2025-11-19 17:14:29 INFO  com.ososx.tcg.officer.apps.cli.tpl.CliTplFrame Line:115 - 控制台输出：充值项 阅读完毕;
2025-11-19 17:14:29 INFO  com.ososx.tcg.officer.apps.cli.tpl.CliTplFrame Line:115 - 控制台输出：正在处理第108/790张(先知圣殿召唤类型)
2025-11-19 17:14:29 INFO  com.ososx.tcg.officer.apps.cli.tpl.CliTplFrame Line:115 - 控制台输出：先知圣殿召唤类型 阅读完毕;
2025-11-19 17:14:29 INFO  com.ososx.tcg.officer.apps.cli.tpl.CliTplFrame Line:115 - 控制台输出：正在处理第109/790张(先知圣殿召唤分组)
2025-11-19 17:14:29 INFO  com.ososx.tcg.officer.apps.cli.tpl.CliTplFrame Line:115 - 控制台输出：先知圣殿召唤分组 阅读完毕;
2025-11-19 17:14:29 INFO  com.ososx.tcg.officer.apps.cli.tpl.CliTplFrame Line:115 - 控制台输出：正在处理第110/790张(英雄转换)
2025-11-19 17:14:29 INFO  com.ososx.tcg.officer.apps.cli.tpl.CliTplFrame Line:115 - 控制台输出：英雄转换 阅读完毕;
2025-11-19 17:14:29 INFO  com.ososx.tcg.officer.apps.cli.tpl.CliTplFrame Line:115 - 控制台输出：正在处理第111/790张(英雄转换分组)
2025-11-19 17:14:29 INFO  com.ososx.tcg.officer.apps.cli.tpl.CliTplFrame Line:115 - 控制台输出：已忽略【英雄转换分组】
2025-11-19 17:14:29 INFO  com.ososx.tcg.officer.apps.cli.tpl.CliTplFrame Line:115 - 控制台输出：正在处理第112/790张(全服BOSS基础)
2025-11-19 17:14:29 INFO  com.ososx.tcg.officer.apps.cli.tpl.CliTplFrame Line:115 - 控制台输出：全服BOSS基础 阅读完毕;
2025-11-19 17:14:29 INFO  com.ososx.tcg.officer.apps.cli.tpl.CliTplFrame Line:115 - 控制台输出：正在处理第113/790张(全服BOSS关卡)
2025-11-19 17:14:29 INFO  com.ososx.tcg.officer.apps.cli.tpl.CliTplFrame Line:115 - 控制台输出：全服BOSS关卡 阅读完毕;
2025-11-19 17:14:29 INFO  com.ososx.tcg.officer.apps.cli.tpl.CliTplFrame Line:115 - 控制台输出：正在处理第114/790张(全服BOSS攻击BUFF)
2025-11-19 17:14:29 INFO  com.ososx.tcg.officer.apps.cli.tpl.CliTplFrame Line:115 - 控制台输出：全服BOSS攻击BUFF 阅读完毕;
2025-11-19 17:14:29 INFO  com.ososx.tcg.officer.apps.cli.tpl.CliTplFrame Line:115 - 控制台输出：正在处理第115/790张(全服BOSS伤害奖励)
2025-11-19 17:14:29 INFO  com.ososx.tcg.officer.apps.cli.tpl.CliTplFrame Line:115 - 控制台输出：全服BOSS伤害奖励 阅读完毕;
2025-11-19 17:14:29 INFO  com.ososx.tcg.officer.apps.cli.tpl.CliTplFrame Line:115 - 控制台输出：正在处理第116/790张(全服BOSS血量奖励)
2025-11-19 17:14:29 INFO  com.ososx.tcg.officer.apps.cli.tpl.CliTplFrame Line:115 - 控制台输出：全服BOSS血量奖励 阅读完毕;
2025-11-19 17:14:29 INFO  com.ososx.tcg.officer.apps.cli.tpl.CliTplFrame Line:115 - 控制台输出：正在处理第117/790张(全服BOSS排行榜奖励)
2025-11-19 17:14:29 INFO  com.ososx.tcg.officer.apps.cli.tpl.CliTplFrame Line:115 - 控制台输出：全服BOSS排行榜奖励 阅读完毕;
2025-11-19 17:14:29 INFO  com.ososx.tcg.officer.apps.cli.tpl.CliTplFrame Line:115 - 控制台输出：正在处理第118/790张(公会等级)
2025-11-19 17:14:29 INFO  com.ososx.tcg.officer.apps.cli.tpl.CliTplFrame Line:115 - 控制台输出：公会等级 阅读完毕;
2025-11-19 17:14:29 INFO  com.ososx.tcg.officer.apps.cli.tpl.CliTplFrame Line:115 - 控制台输出：正在处理第119/790张(公会捐献)
2025-11-19 17:14:29 INFO  com.ososx.tcg.officer.apps.cli.tpl.CliTplFrame Line:115 - 控制台输出：公会捐献 阅读完毕;
2025-11-19 17:14:29 INFO  com.ososx.tcg.officer.apps.cli.tpl.CliTplFrame Line:115 - 控制台输出：正在处理第120/790张(公会捐献活跃度奖励)
2025-11-19 17:14:29 INFO  com.ososx.tcg.officer.apps.cli.tpl.CliTplFrame Line:115 - 控制台输出：公会捐献活跃度奖励 阅读完毕;
2025-11-19 17:14:29 INFO  com.ososx.tcg.officer.apps.cli.tpl.CliTplFrame Line:115 - 控制台输出：正在处理第121/790张(公会活跃等级)
2025-11-19 17:14:29 INFO  com.ososx.tcg.officer.apps.cli.tpl.CliTplFrame Line:115 - 控制台输出：公会活跃等级 阅读完毕;
2025-11-19 17:14:29 INFO  com.ososx.tcg.officer.apps.cli.tpl.CliTplFrame Line:115 - 控制台输出：正在处理第122/790张(公会活跃任务)
2025-11-19 17:14:29 INFO  com.ososx.tcg.officer.apps.cli.tpl.CliTplFrame Line:115 - 控制台输出：公会活跃任务 阅读完毕;
2025-11-19 17:14:29 INFO  com.ososx.tcg.officer.apps.cli.tpl.CliTplFrame Line:115 - 控制台输出：正在处理第123/790张(公会红包)
2025-11-19 17:14:29 INFO  com.ososx.tcg.officer.apps.cli.tpl.CliTplFrame Line:115 - 控制台输出：公会红包 阅读完毕;
2025-11-19 17:14:29 INFO  com.ososx.tcg.officer.apps.cli.tpl.CliTplFrame Line:115 - 控制台输出：正在处理第124/790张(公会技能等级)
2025-11-19 17:14:29 INFO  com.ososx.tcg.officer.apps.cli.tpl.CliTplFrame Line:115 - 控制台输出：公会技能等级 阅读完毕;
2025-11-19 17:14:29 INFO  com.ososx.tcg.officer.apps.cli.tpl.CliTplFrame Line:115 - 控制台输出：正在处理第125/790张(公会技能图标)
2025-11-19 17:14:29 INFO  com.ososx.tcg.officer.apps.cli.tpl.CliTplFrame Line:115 - 控制台输出：公会技能图标 阅读完毕;
2025-11-19 17:14:29 INFO  com.ososx.tcg.officer.apps.cli.tpl.CliTplFrame Line:115 - 控制台输出：正在处理第126/790张(公会公告)
2025-11-19 17:14:29 INFO  com.ososx.tcg.officer.apps.cli.tpl.CliTplFrame Line:115 - 控制台输出：公会公告 阅读完毕;
2025-11-19 17:14:29 INFO  com.ososx.tcg.officer.apps.cli.tpl.CliTplFrame Line:115 - 控制台输出：正在处理第127/790张(公会PVP属性)
2025-11-19 17:14:29 INFO  com.ososx.tcg.officer.apps.cli.tpl.CliTplFrame Line:115 - 控制台输出：公会PVP属性 阅读完毕;
2025-11-19 17:14:29 INFO  com.ososx.tcg.officer.apps.cli.tpl.CliTplFrame Line:115 - 控制台输出：正在处理第128/790张(公会PVP技能解锁)
2025-11-19 17:14:29 INFO  com.ososx.tcg.officer.apps.cli.tpl.CliTplFrame Line:115 - 控制台输出：公会PVP技能解锁 阅读完毕;
2025-11-19 17:14:29 INFO  com.ososx.tcg.officer.apps.cli.tpl.CliTplFrame Line:115 - 控制台输出：正在处理第129/790张(公会PVP技能升级)
2025-11-19 17:14:29 INFO  com.ososx.tcg.officer.apps.cli.tpl.CliTplFrame Line:115 - 控制台输出：公会PVP技能升级 阅读完毕;
2025-11-19 17:14:29 INFO  com.ososx.tcg.officer.apps.cli.tpl.CliTplFrame Line:115 - 控制台输出：正在处理第130/790张(公会BOSS关卡)
2025-11-19 17:14:29 INFO  com.ososx.tcg.officer.apps.cli.tpl.CliTplFrame Line:115 - 控制台输出：公会BOSS关卡 阅读完毕;
2025-11-19 17:14:29 INFO  com.ososx.tcg.officer.apps.cli.tpl.CliTplFrame Line:115 - 控制台输出：正在处理第131/790张(公会宝库商品)
2025-11-19 17:14:29 INFO  com.ososx.tcg.officer.apps.cli.tpl.CliTplFrame Line:115 - 控制台输出：公会宝库商品 阅读完毕;
2025-11-19 17:14:29 INFO  com.ososx.tcg.officer.apps.cli.tpl.CliTplFrame Line:115 - 控制台输出：正在处理第132/790张(公会宝库系统赠送奖励)
2025-11-19 17:14:29 INFO  com.ososx.tcg.officer.apps.cli.tpl.CliTplFrame Line:115 - 控制台输出：公会宝库系统赠送奖励 阅读完毕;
2025-11-19 17:14:29 INFO  com.ososx.tcg.officer.apps.cli.tpl.CliTplFrame Line:115 - 控制台输出：正在处理第133/790张(公会战获胜掉落奖励)
2025-11-19 17:14:29 INFO  com.ososx.tcg.officer.apps.cli.tpl.CliTplFrame Line:115 - 控制台输出：公会战获胜掉落奖励 阅读完毕;
2025-11-19 17:14:29 INFO  com.ososx.tcg.officer.apps.cli.tpl.CliTplFrame Line:115 - 控制台输出：正在处理第134/790张(公会宝库提示)
2025-11-19 17:14:29 INFO  com.ososx.tcg.officer.apps.cli.tpl.CliTplFrame Line:115 - 控制台输出：公会宝库提示 阅读完毕;
2025-11-19 17:14:29 INFO  com.ososx.tcg.officer.apps.cli.tpl.CliTplFrame Line:115 - 控制台输出：正在处理第135/790张(公会战据点)
2025-11-19 17:14:29 INFO  com.ososx.tcg.officer.apps.cli.tpl.CliTplFrame Line:115 - 控制台输出：公会战据点 阅读完毕;
2025-11-19 17:14:29 INFO  com.ososx.tcg.officer.apps.cli.tpl.CliTplFrame Line:115 - 控制台输出：正在处理第136/790张(公会战排行榜奖励)
2025-11-19 17:14:29 INFO  com.ososx.tcg.officer.apps.cli.tpl.CliTplFrame Line:115 - 控制台输出：公会战排行榜奖励 阅读完毕;
2025-11-19 17:14:29 INFO  com.ososx.tcg.officer.apps.cli.tpl.CliTplFrame Line:115 - 控制台输出：正在处理第137/790张(公会战废墟BUFF)
2025-11-19 17:14:29 INFO  com.ososx.tcg.officer.apps.cli.tpl.CliTplFrame Line:115 - 控制台输出：公会战废墟BUFF 阅读完毕;
2025-11-19 17:14:29 INFO  com.ososx.tcg.officer.apps.cli.tpl.CliTplFrame Line:115 - 控制台输出：正在处理第138/790张(公会战结算奖励)
2025-11-19 17:14:29 INFO  com.ososx.tcg.officer.apps.cli.tpl.CliTplFrame Line:115 - 控制台输出：公会战结算奖励 阅读完毕;
2025-11-19 17:14:29 INFO  com.ososx.tcg.officer.apps.cli.tpl.CliTplFrame Line:115 - 控制台输出：正在处理第139/790张(公会战时间表)
2025-11-19 17:14:29 INFO  com.ososx.tcg.officer.apps.cli.tpl.CliTplFrame Line:115 - 控制台输出：公会战时间表 阅读完毕;
2025-11-19 17:14:29 INFO  com.ososx.tcg.officer.apps.cli.tpl.CliTplFrame Line:115 - 控制台输出：正在处理第140/790张(公会战挑战难度)
2025-11-19 17:14:29 INFO  com.ososx.tcg.officer.apps.cli.tpl.CliTplFrame Line:115 - 控制台输出：公会战挑战难度 阅读完毕;
2025-11-19 17:14:29 INFO  com.ososx.tcg.officer.apps.cli.tpl.CliTplFrame Line:115 - 控制台输出：正在处理第141/790张(兽灵基础)
2025-11-19 17:14:29 INFO  com.ososx.tcg.officer.apps.cli.tpl.CliTplFrame Line:115 - 控制台输出：兽灵基础 阅读完毕;
2025-11-19 17:14:29 INFO  com.ososx.tcg.officer.apps.cli.tpl.CliTplFrame Line:115 - 控制台输出：正在处理第142/790张(兽灵培养)
2025-11-19 17:14:29 INFO  com.ososx.tcg.officer.apps.cli.tpl.CliTplFrame Line:115 - 控制台输出：兽灵培养 阅读完毕;
2025-11-19 17:14:29 INFO  com.ososx.tcg.officer.apps.cli.tpl.CliTplFrame Line:115 - 控制台输出：正在处理第143/790张(兽灵情谊)
2025-11-19 17:14:29 INFO  com.ososx.tcg.officer.apps.cli.tpl.CliTplFrame Line:115 - 控制台输出：兽灵情谊 阅读完毕;
2025-11-19 17:14:29 INFO  com.ososx.tcg.officer.apps.cli.tpl.CliTplFrame Line:115 - 控制台输出：正在处理第144/790张(兽灵技能)
2025-11-19 17:14:29 INFO  com.ososx.tcg.officer.apps.cli.tpl.CliTplFrame Line:115 - 控制台输出：兽灵技能 阅读完毕;
2025-11-19 17:14:29 INFO  com.ososx.tcg.officer.apps.cli.tpl.CliTplFrame Line:115 - 控制台输出：正在处理第145/790张(兽灵技能控制)
2025-11-19 17:14:29 INFO  com.ososx.tcg.officer.apps.cli.tpl.CliTplFrame Line:115 - 控制台输出：兽灵技能控制 阅读完毕;
2025-11-19 17:14:29 INFO  com.ososx.tcg.officer.apps.cli.tpl.CliTplFrame Line:115 - 控制台输出：正在处理第146/790张(兽魂共享基础)
2025-11-19 17:14:29 INFO  com.ososx.tcg.officer.apps.cli.tpl.CliTplFrame Line:115 - 控制台输出：兽魂共享基础 阅读完毕;
2025-11-19 17:14:29 INFO  com.ososx.tcg.officer.apps.cli.tpl.CliTplFrame Line:115 - 控制台输出：正在处理第147/790张(兽魂共享解锁花费)
2025-11-19 17:14:29 INFO  com.ososx.tcg.officer.apps.cli.tpl.CliTplFrame Line:115 - 控制台输出：兽魂共享解锁花费 阅读完毕;
2025-11-19 17:14:29 INFO  com.ososx.tcg.officer.apps.cli.tpl.CliTplFrame Line:115 - 控制台输出：正在处理第148/790张(兽魂祈祷UP基础)
2025-11-19 17:14:29 INFO  com.ososx.tcg.officer.apps.cli.tpl.CliTplFrame Line:115 - 控制台输出：兽魂祈祷UP基础 阅读完毕;
2025-11-19 17:14:29 INFO  com.ososx.tcg.officer.apps.cli.tpl.CliTplFrame Line:115 - 控制台输出：正在处理第149/790张(兽魂祈祷UP雕像)
2025-11-19 17:14:29 INFO  com.ososx.tcg.officer.apps.cli.tpl.CliTplFrame Line:115 - 控制台输出：兽魂祈祷UP雕像 阅读完毕;
2025-11-19 17:14:29 INFO  com.ososx.tcg.officer.apps.cli.tpl.CliTplFrame Line:115 - 控制台输出：正在处理第150/790张(兽魂祈祷UP雕像变更)
2025-11-19 17:14:29 INFO  com.ososx.tcg.officer.apps.cli.tpl.CliTplFrame Line:115 - 控制台输出：已忽略【兽魂祈祷UP雕像变更】
2025-11-19 17:14:29 INFO  com.ososx.tcg.officer.apps.cli.tpl.CliTplFrame Line:115 - 控制台输出：正在处理第151/790张(兽魂UP商店)
2025-11-19 17:14:29 INFO  com.ososx.tcg.officer.apps.cli.tpl.CliTplFrame Line:115 - 控制台输出：兽魂UP商店 阅读完毕;
2025-11-19 17:14:29 INFO  com.ososx.tcg.officer.apps.cli.tpl.CliTplFrame Line:115 - 控制台输出：正在处理第152/790张(兽魂UP祈祷奖励)
2025-11-19 17:14:29 INFO  com.ososx.tcg.officer.apps.cli.tpl.CliTplFrame Line:115 - 控制台输出：兽魂UP祈祷奖励 阅读完毕;
2025-11-19 17:14:29 INFO  com.ososx.tcg.officer.apps.cli.tpl.CliTplFrame Line:115 - 控制台输出：正在处理第153/790张(冒险推图关卡)
2025-11-19 17:14:29 INFO  com.ososx.tcg.officer.apps.cli.tpl.CliTplFrame Line:115 - 控制台输出：冒险推图关卡 阅读完毕;
2025-11-19 17:14:29 INFO  com.ososx.tcg.officer.apps.cli.tpl.CliTplFrame Line:115 - 控制台输出：正在处理第154/790张(援助英雄)
2025-11-19 17:14:29 INFO  com.ososx.tcg.officer.apps.cli.tpl.CliTplFrame Line:115 - 控制台输出：援助英雄 阅读完毕;
2025-11-19 17:14:29 INFO  com.ososx.tcg.officer.apps.cli.tpl.CliTplFrame Line:115 - 控制台输出：正在处理第155/790张(冒险推图章节)
2025-11-19 17:14:29 INFO  com.ososx.tcg.officer.apps.cli.tpl.CliTplFrame Line:115 - 控制台输出：冒险推图章节 阅读完毕;
2025-11-19 17:14:29 INFO  com.ososx.tcg.officer.apps.cli.tpl.CliTplFrame Line:115 - 控制台输出：正在处理第156/790张(冒险通关奖励)
2025-11-19 17:14:29 INFO  com.ososx.tcg.officer.apps.cli.tpl.CliTplFrame Line:115 - 控制台输出：冒险通关奖励 阅读完毕;
2025-11-19 17:14:29 INFO  com.ososx.tcg.officer.apps.cli.tpl.CliTplFrame Line:115 - 控制台输出：正在处理第157/790张(加载英雄库)
2025-11-19 17:14:29 INFO  com.ososx.tcg.officer.apps.cli.tpl.CliTplFrame Line:115 - 控制台输出：加载英雄库 阅读完毕;
2025-11-19 17:14:29 INFO  com.ososx.tcg.officer.apps.cli.tpl.CliTplFrame Line:115 - 控制台输出：正在处理第158/790张(挂机怪物库)
2025-11-19 17:14:29 INFO  com.ososx.tcg.officer.apps.cli.tpl.CliTplFrame Line:115 - 控制台输出：挂机怪物库 阅读完毕;
2025-11-19 17:14:29 INFO  com.ososx.tcg.officer.apps.cli.tpl.CliTplFrame Line:115 - 控制台输出：正在处理第159/790张(提示语言库)
2025-11-19 17:14:29 INFO  com.ososx.tcg.officer.apps.cli.tpl.CliTplFrame Line:115 - 控制台输出：提示语言库 阅读完毕;
2025-11-19 17:14:29 INFO  com.ososx.tcg.officer.apps.cli.tpl.CliTplFrame Line:115 - 控制台输出：正在处理第160/790张(在线奖励)
2025-11-19 17:14:29 INFO  com.ososx.tcg.officer.apps.cli.tpl.CliTplFrame Line:115 - 控制台输出：在线奖励 阅读完毕;
2025-11-19 17:14:29 INFO  com.ososx.tcg.officer.apps.cli.tpl.CliTplFrame Line:115 - 控制台输出：正在处理第161/790张(军团入侵基础)
2025-11-19 17:14:29 INFO  com.ososx.tcg.officer.apps.cli.tpl.CliTplFrame Line:115 - 控制台输出：军团入侵基础 阅读完毕;
2025-11-19 17:14:29 INFO  com.ososx.tcg.officer.apps.cli.tpl.CliTplFrame Line:115 - 控制台输出：正在处理第162/790张(军团入侵兑换奖励)
2025-11-19 17:14:29 INFO  com.ososx.tcg.officer.apps.cli.tpl.CliTplFrame Line:115 - 控制台输出：军团入侵兑换奖励 阅读完毕;
2025-11-19 17:14:29 INFO  com.ososx.tcg.officer.apps.cli.tpl.CliTplFrame Line:115 - 控制台输出：正在处理第163/790张(军团入侵捐献分组)
2025-11-19 17:14:29 INFO  com.ososx.tcg.officer.apps.cli.tpl.CliTplFrame Line:115 - 控制台输出：军团入侵捐献分组 阅读完毕;
2025-11-19 17:14:29 INFO  com.ososx.tcg.officer.apps.cli.tpl.CliTplFrame Line:115 - 控制台输出：正在处理第164/790张(军团入侵关卡)
2025-11-19 17:14:29 INFO  com.ososx.tcg.officer.apps.cli.tpl.CliTplFrame Line:115 - 控制台输出：军团入侵关卡 阅读完毕;
2025-11-19 17:14:29 INFO  com.ososx.tcg.officer.apps.cli.tpl.CliTplFrame Line:115 - 控制台输出：正在处理第165/790张(军团入侵类型)
2025-11-19 17:14:29 INFO  com.ososx.tcg.officer.apps.cli.tpl.CliTplFrame Line:115 - 控制台输出：军团入侵类型 阅读完毕;
2025-11-19 17:14:29 INFO  com.ososx.tcg.officer.apps.cli.tpl.CliTplFrame Line:115 - 控制台输出：正在处理第166/790张(冠军赛回合)
2025-11-19 17:14:29 INFO  com.ososx.tcg.officer.apps.cli.tpl.CliTplFrame Line:115 - 控制台输出：已忽略【冠军赛回合】
2025-11-19 17:14:29 INFO  com.ososx.tcg.officer.apps.cli.tpl.CliTplFrame Line:115 - 控制台输出：正在处理第167/790张(冠军赛排行榜奖励)
2025-11-19 17:14:29 INFO  com.ososx.tcg.officer.apps.cli.tpl.CliTplFrame Line:115 - 控制台输出：冠军赛排行榜奖励 阅读完毕;
2025-11-19 17:14:29 INFO  com.ososx.tcg.officer.apps.cli.tpl.CliTplFrame Line:115 - 控制台输出：正在处理第168/790张(凌霄宝殿)
2025-11-19 17:14:29 INFO  com.ososx.tcg.officer.apps.cli.tpl.CliTplFrame Line:115 - 控制台输出：已忽略【凌霄宝殿】
2025-11-19 17:14:29 INFO  com.ososx.tcg.officer.apps.cli.tpl.CliTplFrame Line:115 - 控制台输出：正在处理第169/790张(神位限制)
2025-11-19 17:14:29 INFO  com.ososx.tcg.officer.apps.cli.tpl.CliTplFrame Line:115 - 控制台输出：神位限制 阅读完毕;
2025-11-19 17:14:29 INFO  com.ososx.tcg.officer.apps.cli.tpl.CliTplFrame Line:115 - 控制台输出：正在处理第170/790张(副本购买配置)
2025-11-19 17:14:29 INFO  com.ososx.tcg.officer.apps.cli.tpl.CliTplFrame Line:115 - 控制台输出：副本购买配置 阅读完毕;
2025-11-19 17:14:29 INFO  com.ososx.tcg.officer.apps.cli.tpl.CliTplFrame Line:115 - 控制台输出：正在处理第171/790张(副本购买消耗)
2025-11-19 17:14:29 INFO  com.ososx.tcg.officer.apps.cli.tpl.CliTplFrame Line:115 - 控制台输出：副本购买消耗 阅读完毕;
2025-11-19 17:14:29 INFO  com.ososx.tcg.officer.apps.cli.tpl.CliTplFrame Line:115 - 控制台输出：正在处理第172/790张(功能开启预告)
2025-11-19 17:14:29 INFO  com.ososx.tcg.officer.apps.cli.tpl.CliTplFrame Line:115 - 控制台输出：功能开启预告 阅读完毕;
2025-11-19 17:14:29 INFO  com.ososx.tcg.officer.apps.cli.tpl.CliTplFrame Line:115 - 控制台输出：正在处理第173/790张(勤学笔记活动基础)
2025-11-19 17:14:29 INFO  com.ososx.tcg.officer.apps.cli.tpl.CliTplFrame Line:115 - 控制台输出：勤学笔记活动基础 阅读完毕;
2025-11-19 17:14:29 INFO  com.ososx.tcg.officer.apps.cli.tpl.CliTplFrame Line:115 - 控制台输出：正在处理第174/790张(勤学笔记活动积分奖励)
2025-11-19 17:14:29 INFO  com.ososx.tcg.officer.apps.cli.tpl.CliTplFrame Line:115 - 控制台输出：勤学笔记活动积分奖励 阅读完毕;
2025-11-19 17:14:29 INFO  com.ososx.tcg.officer.apps.cli.tpl.CliTplFrame Line:115 - 控制台输出：正在处理第175/790张(勤学笔记活动任务类型)
2025-11-19 17:14:29 INFO  com.ososx.tcg.officer.apps.cli.tpl.CliTplFrame Line:115 - 控制台输出：勤学笔记活动任务类型 阅读完毕;
2025-11-19 17:14:29 INFO  com.ososx.tcg.officer.apps.cli.tpl.CliTplFrame Line:115 - 控制台输出：正在处理第176/790张(基础配置)
2025-11-19 17:14:29 INFO  com.ososx.tcg.officer.apps.cli.tpl.CliTplFrame Line:115 - 控制台输出：基础配置 阅读完毕;
2025-11-19 17:14:29 INFO  com.ososx.tcg.officer.apps.cli.tpl.CliTplFrame Line:115 - 控制台输出：正在处理第177/790张(赔率填写)
2025-11-19 17:14:29 INFO  com.ososx.tcg.officer.apps.cli.tpl.CliTplFrame Line:115 - 控制台输出：赔率填写 阅读完毕;
2025-11-19 17:14:29 INFO  com.ososx.tcg.officer.apps.cli.tpl.CliTplFrame Line:115 - 控制台输出：正在处理第178/790张(历练副本)
2025-11-19 17:14:29 INFO  com.ososx.tcg.officer.apps.cli.tpl.CliTplFrame Line:115 - 控制台输出：历练副本 阅读完毕;
2025-11-19 17:14:29 INFO  com.ososx.tcg.officer.apps.cli.tpl.CliTplFrame Line:115 - 控制台输出：正在处理第179/790张(价值)
2025-11-19 17:14:29 INFO  com.ososx.tcg.officer.apps.cli.tpl.CliTplFrame Line:115 - 控制台输出：已忽略【价值】
2025-11-19 17:14:29 INFO  com.ososx.tcg.officer.apps.cli.tpl.CliTplFrame Line:115 - 控制台输出：正在处理第180/790张(sheet1)
2025-11-19 17:14:29 INFO  com.ososx.tcg.officer.apps.cli.tpl.CliTplFrame Line:115 - 控制台输出：已忽略【sheet1】
2025-11-19 17:14:29 INFO  com.ososx.tcg.officer.apps.cli.tpl.CliTplFrame Line:115 - 控制台输出：正在处理第181/790张(召唤排行基础)
2025-11-19 17:14:29 INFO  com.ososx.tcg.officer.apps.cli.tpl.CliTplFrame Line:115 - 控制台输出：召唤排行基础 阅读完毕;
2025-11-19 17:14:29 INFO  com.ososx.tcg.officer.apps.cli.tpl.CliTplFrame Line:115 - 控制台输出：正在处理第182/790张(召唤排行任务)
2025-11-19 17:14:29 INFO  com.ososx.tcg.officer.apps.cli.tpl.CliTplFrame Line:115 - 控制台输出：召唤排行任务 阅读完毕;
2025-11-19 17:14:29 INFO  com.ososx.tcg.officer.apps.cli.tpl.CliTplFrame Line:115 - 控制台输出：正在处理第183/790张(合服目标)
2025-11-19 17:14:29 INFO  com.ososx.tcg.officer.apps.cli.tpl.CliTplFrame Line:115 - 控制台输出：合服目标 阅读完毕;
2025-11-19 17:14:29 INFO  com.ososx.tcg.officer.apps.cli.tpl.CliTplFrame Line:115 - 控制台输出：正在处理第184/790张(合服回馈)
2025-11-19 17:14:29 INFO  com.ososx.tcg.officer.apps.cli.tpl.CliTplFrame Line:115 - 控制台输出：合服回馈 阅读完毕;
2025-11-19 17:14:29 INFO  com.ososx.tcg.officer.apps.cli.tpl.CliTplFrame Line:115 - 控制台输出：正在处理第185/790张(合服任务)
2025-11-19 17:14:29 INFO  com.ososx.tcg.officer.apps.cli.tpl.CliTplFrame Line:115 - 控制台输出：合服任务 阅读完毕;
2025-11-19 17:14:29 INFO  com.ososx.tcg.officer.apps.cli.tpl.CliTplFrame Line:115 - 控制台输出：正在处理第186/790张(合服商城)
2025-11-19 17:14:29 INFO  com.ososx.tcg.officer.apps.cli.tpl.CliTplFrame Line:115 - 控制台输出：合服商城 阅读完毕;
2025-11-19 17:14:29 INFO  com.ososx.tcg.officer.apps.cli.tpl.CliTplFrame Line:115 - 控制台输出：正在处理第187/790张(合服签到)
2025-11-19 17:14:29 INFO  com.ososx.tcg.officer.apps.cli.tpl.CliTplFrame Line:115 - 控制台输出：合服签到 阅读完毕;
2025-11-19 17:14:29 INFO  com.ososx.tcg.officer.apps.cli.tpl.CliTplFrame Line:115 - 控制台输出：正在处理第188/790张(姓)
2025-11-19 17:14:29 INFO  com.ososx.tcg.officer.apps.cli.tpl.CliTplFrame Line:115 - 控制台输出：姓 阅读完毕;
2025-11-19 17:14:29 INFO  com.ososx.tcg.officer.apps.cli.tpl.CliTplFrame Line:115 - 控制台输出：正在处理第189/790张(名)
2025-11-19 17:14:29 INFO  com.ososx.tcg.officer.apps.cli.tpl.CliTplFrame Line:115 - 控制台输出：名 阅读完毕;
2025-11-19 17:14:29 INFO  com.ososx.tcg.officer.apps.cli.tpl.CliTplFrame Line:115 - 控制台输出：正在处理第190/790张(完整)
2025-11-19 17:14:29 INFO  com.ososx.tcg.officer.apps.cli.tpl.CliTplFrame Line:115 - 控制台输出：完整 阅读完毕;
2025-11-19 17:14:29 INFO  com.ososx.tcg.officer.apps.cli.tpl.CliTplFrame Line:115 - 控制台输出：正在处理第191/790张(公会名称)
2025-11-19 17:14:29 INFO  com.ososx.tcg.officer.apps.cli.tpl.CliTplFrame Line:115 - 控制台输出：已忽略【公会名称】
2025-11-19 17:14:29 INFO  com.ososx.tcg.officer.apps.cli.tpl.CliTplFrame Line:115 - 控制台输出：正在处理第192/790张(累充奖励)
2025-11-19 17:14:29 INFO  com.ososx.tcg.officer.apps.cli.tpl.CliTplFrame Line:115 - 控制台输出：已忽略【累充奖励】
2025-11-19 17:14:29 INFO  com.ososx.tcg.officer.apps.cli.tpl.CliTplFrame Line:115 - 控制台输出：正在处理第193/790张(周一豪礼)
2025-11-19 17:14:29 INFO  com.ososx.tcg.officer.apps.cli.tpl.CliTplFrame Line:115 - 控制台输出：已忽略【周一豪礼】
2025-11-19 17:14:29 INFO  com.ososx.tcg.officer.apps.cli.tpl.CliTplFrame Line:115 - 控制台输出：正在处理第194/790张(命格基础)
2025-11-19 17:14:29 INFO  com.ososx.tcg.officer.apps.cli.tpl.CliTplFrame Line:115 - 控制台输出：命格基础 阅读完毕;
2025-11-19 17:14:29 INFO  com.ososx.tcg.officer.apps.cli.tpl.CliTplFrame Line:115 - 控制台输出：正在处理第195/790张(命格品质)
2025-11-19 17:14:29 INFO  com.ososx.tcg.officer.apps.cli.tpl.CliTplFrame Line:115 - 控制台输出：命格品质 阅读完毕;
2025-11-19 17:14:29 INFO  com.ososx.tcg.officer.apps.cli.tpl.CliTplFrame Line:115 - 控制台输出：正在处理第196/790张(命格洗练属性库)
2025-11-19 17:14:29 INFO  com.ososx.tcg.officer.apps.cli.tpl.CliTplFrame Line:115 - 控制台输出：已忽略【命格洗练属性库】
2025-11-19 17:14:29 INFO  com.ososx.tcg.officer.apps.cli.tpl.CliTplFrame Line:115 - 控制台输出：正在处理第197/790张(命格原型)
2025-11-19 17:14:29 INFO  com.ososx.tcg.officer.apps.cli.tpl.CliTplFrame Line:115 - 控制台输出：命格原型 阅读完毕;
2025-11-19 17:14:29 INFO  com.ososx.tcg.officer.apps.cli.tpl.CliTplFrame Line:115 - 控制台输出：正在处理第198/790张(命格栏位)
2025-11-19 17:14:29 INFO  com.ososx.tcg.officer.apps.cli.tpl.CliTplFrame Line:115 - 控制台输出：命格栏位 阅读完毕;
2025-11-19 17:14:29 INFO  com.ososx.tcg.officer.apps.cli.tpl.CliTplFrame Line:115 - 控制台输出：正在处理第199/790张(命格升级经验)
2025-11-19 17:14:29 INFO  com.ososx.tcg.officer.apps.cli.tpl.CliTplFrame Line:115 - 控制台输出：命格升级经验 阅读完毕;
2025-11-19 17:14:29 INFO  com.ososx.tcg.officer.apps.cli.tpl.CliTplFrame Line:115 - 控制台输出：正在处理第200/790张(命格升级属性)
2025-11-19 17:14:29 INFO  com.ososx.tcg.officer.apps.cli.tpl.CliTplFrame Line:115 - 控制台输出：命格升级属性 阅读完毕;
2025-11-19 17:14:29 INFO  com.ososx.tcg.officer.apps.cli.tpl.CliTplFrame Line:115 - 控制台输出：正在处理第201/790张(命格升级技能)
2025-11-19 17:14:29 INFO  com.ososx.tcg.officer.apps.cli.tpl.CliTplFrame Line:115 - 控制台输出：命格升级技能 阅读完毕;
2025-11-19 17:14:29 INFO  com.ososx.tcg.officer.apps.cli.tpl.CliTplFrame Line:115 - 控制台输出：正在处理第202/790张(命格商店)
2025-11-19 17:14:29 INFO  com.ososx.tcg.officer.apps.cli.tpl.CliTplFrame Line:115 - 控制台输出：命格商店 阅读完毕;
2025-11-19 17:14:29 INFO  com.ososx.tcg.officer.apps.cli.tpl.CliTplFrame Line:115 - 控制台输出：正在处理第203/790张(命格套装)
2025-11-19 17:14:29 INFO  com.ososx.tcg.officer.apps.cli.tpl.CliTplFrame Line:115 - 控制台输出：命格套装 阅读完毕;
2025-11-19 17:14:29 INFO  com.ososx.tcg.officer.apps.cli.tpl.CliTplFrame Line:115 - 控制台输出：正在处理第204/790张(瘦身命格洗练属性库)
2025-11-19 17:14:29 INFO  com.ososx.tcg.officer.apps.cli.tpl.CliTplFrame Line:115 - 控制台输出：瘦身命格洗练属性库 阅读完毕;
2025-11-19 17:14:29 INFO  com.ososx.tcg.officer.apps.cli.tpl.CliTplFrame Line:115 - 控制台输出：正在处理第205/790张(命格进阶)
2025-11-19 17:14:29 INFO  com.ososx.tcg.officer.apps.cli.tpl.CliTplFrame Line:115 - 控制台输出：命格进阶 阅读完毕;
2025-11-19 17:14:29 INFO  com.ososx.tcg.officer.apps.cli.tpl.CliTplFrame Line:115 - 控制台输出：正在处理第206/790张(命格副本关卡)
2025-11-19 17:14:29 INFO  com.ososx.tcg.officer.apps.cli.tpl.CliTplFrame Line:115 - 控制台输出：命格副本关卡 阅读完毕;
2025-11-19 17:14:29 INFO  com.ososx.tcg.officer.apps.cli.tpl.CliTplFrame Line:115 - 控制台输出：正在处理第207/790张(命格副本章节)
2025-11-19 17:14:29 INFO  com.ososx.tcg.officer.apps.cli.tpl.CliTplFrame Line:115 - 控制台输出：命格副本章节 阅读完毕;
2025-11-19 17:14:29 INFO  com.ososx.tcg.officer.apps.cli.tpl.CliTplFrame Line:115 - 控制台输出：正在处理第208/790张(命格副本宝箱)
2025-11-19 17:14:29 INFO  com.ososx.tcg.officer.apps.cli.tpl.CliTplFrame Line:115 - 控制台输出：命格副本宝箱 阅读完毕;
2025-11-19 17:14:29 INFO  com.ososx.tcg.officer.apps.cli.tpl.CliTplFrame Line:115 - 控制台输出：正在处理第209/790张(命格关卡挑战)
2025-11-19 17:14:29 INFO  com.ososx.tcg.officer.apps.cli.tpl.CliTplFrame Line:115 - 控制台输出：命格关卡挑战 阅读完毕;
2025-11-19 17:14:29 INFO  com.ososx.tcg.officer.apps.cli.tpl.CliTplFrame Line:115 - 控制台输出：正在处理第210/790张(命格章节路径)
2025-11-19 17:14:29 INFO  com.ososx.tcg.officer.apps.cli.tpl.CliTplFrame Line:115 - 控制台输出：命格章节路径 阅读完毕;
2025-11-19 17:14:29 INFO  com.ososx.tcg.officer.apps.cli.tpl.CliTplFrame Line:115 - 控制台输出：正在处理第211/790张(命格祈祷基础)
2025-11-19 17:14:29 INFO  com.ososx.tcg.officer.apps.cli.tpl.CliTplFrame Line:115 - 控制台输出：命格祈祷基础 阅读完毕;
2025-11-19 17:14:29 INFO  com.ososx.tcg.officer.apps.cli.tpl.CliTplFrame Line:115 - 控制台输出：正在处理第212/790张(命格雕像变更)
2025-11-19 17:14:29 INFO  com.ososx.tcg.officer.apps.cli.tpl.CliTplFrame Line:115 - 控制台输出：已忽略【命格雕像变更】
2025-11-19 17:14:29 INFO  com.ososx.tcg.officer.apps.cli.tpl.CliTplFrame Line:115 - 控制台输出：正在处理第213/790张(命格祈祷奖励)
2025-11-19 17:14:29 INFO  com.ososx.tcg.officer.apps.cli.tpl.CliTplFrame Line:115 - 控制台输出：命格祈祷奖励 阅读完毕;
2025-11-19 17:14:29 INFO  com.ososx.tcg.officer.apps.cli.tpl.CliTplFrame Line:115 - 控制台输出：正在处理第214/790张(命格祈祷作弊)
2025-11-19 17:14:29 INFO  com.ososx.tcg.officer.apps.cli.tpl.CliTplFrame Line:115 - 控制台输出：已忽略【命格祈祷作弊】
2025-11-19 17:14:29 INFO  com.ososx.tcg.officer.apps.cli.tpl.CliTplFrame Line:115 - 控制台输出：正在处理第215/790张(命理大师基础)
2025-11-19 17:14:29 INFO  com.ososx.tcg.officer.apps.cli.tpl.CliTplFrame Line:115 - 控制台输出：命理大师基础 阅读完毕;
2025-11-19 17:14:29 INFO  com.ososx.tcg.officer.apps.cli.tpl.CliTplFrame Line:115 - 控制台输出：正在处理第216/790张(命理大师排行奖励)
2025-11-19 17:14:29 INFO  com.ososx.tcg.officer.apps.cli.tpl.CliTplFrame Line:115 - 控制台输出：命理大师排行奖励 阅读完毕;
2025-11-19 17:14:29 INFO  com.ososx.tcg.officer.apps.cli.tpl.CliTplFrame Line:115 - 控制台输出：正在处理第217/790张(商店信息)
2025-11-19 17:14:29 INFO  com.ososx.tcg.officer.apps.cli.tpl.CliTplFrame Line:115 - 控制台输出：商店信息 阅读完毕;
2025-11-19 17:14:29 INFO  com.ososx.tcg.officer.apps.cli.tpl.CliTplFrame Line:115 - 控制台输出：正在处理第218/790张(商城商品)
2025-11-19 17:14:29 INFO  com.ososx.tcg.officer.apps.cli.tpl.CliTplFrame Line:115 - 控制台输出：商城商品 阅读完毕;
2025-11-19 17:14:29 INFO  com.ososx.tcg.officer.apps.cli.tpl.CliTplFrame Line:115 - 控制台输出：正在处理第219/790张(藏宝阁动态商品)
2025-11-19 17:14:29 INFO  com.ososx.tcg.officer.apps.cli.tpl.CliTplFrame Line:115 - 控制台输出：已忽略【藏宝阁动态商品】
2025-11-19 17:14:29 INFO  com.ososx.tcg.officer.apps.cli.tpl.CliTplFrame Line:115 - 控制台输出：正在处理第220/790张(回归基础)
2025-11-19 17:14:29 INFO  com.ososx.tcg.officer.apps.cli.tpl.CliTplFrame Line:115 - 控制台输出：回归基础 阅读完毕;
2025-11-19 17:14:29 INFO  com.ososx.tcg.officer.apps.cli.tpl.CliTplFrame Line:115 - 控制台输出：正在处理第221/790张(回归签到)
2025-11-19 17:14:29 INFO  com.ososx.tcg.officer.apps.cli.tpl.CliTplFrame Line:115 - 控制台输出：回归签到 阅读完毕;
2025-11-19 17:14:29 INFO  com.ososx.tcg.officer.apps.cli.tpl.CliTplFrame Line:115 - 控制台输出：正在处理第222/790张(回归商城)
2025-11-19 17:14:29 INFO  com.ososx.tcg.officer.apps.cli.tpl.CliTplFrame Line:115 - 控制台输出：回归商城 阅读完毕;
2025-11-19 17:14:29 INFO  com.ososx.tcg.officer.apps.cli.tpl.CliTplFrame Line:115 - 控制台输出：正在处理第223/790张(回归活跃)
2025-11-19 17:14:29 INFO  com.ososx.tcg.officer.apps.cli.tpl.CliTplFrame Line:115 - 控制台输出：回归活跃 阅读完毕;
2025-11-19 17:14:29 INFO  com.ososx.tcg.officer.apps.cli.tpl.CliTplFrame Line:115 - 控制台输出：正在处理第224/790张(一元豪礼)
2025-11-19 17:14:29 INFO  com.ososx.tcg.officer.apps.cli.tpl.CliTplFrame Line:115 - 控制台输出：一元豪礼 阅读完毕;
2025-11-19 17:14:29 INFO  com.ososx.tcg.officer.apps.cli.tpl.CliTplFrame Line:115 - 控制台输出：正在处理第225/790张(回归战令基础)
2025-11-19 17:14:29 INFO  com.ososx.tcg.officer.apps.cli.tpl.CliTplFrame Line:115 - 控制台输出：回归战令基础 阅读完毕;
2025-11-19 17:14:29 INFO  com.ososx.tcg.officer.apps.cli.tpl.CliTplFrame Line:115 - 控制台输出：正在处理第226/790张(回归战令奖励)
2025-11-19 17:14:29 INFO  com.ososx.tcg.officer.apps.cli.tpl.CliTplFrame Line:115 - 控制台输出：回归战令奖励 阅读完毕;
2025-11-19 17:14:29 INFO  com.ososx.tcg.officer.apps.cli.tpl.CliTplFrame Line:115 - 控制台输出：正在处理第227/790张(回归战令任务)
2025-11-19 17:14:29 INFO  com.ososx.tcg.officer.apps.cli.tpl.CliTplFrame Line:115 - 控制台输出：回归战令任务 阅读完毕;
2025-11-19 17:14:29 INFO  com.ososx.tcg.officer.apps.cli.tpl.CliTplFrame Line:115 - 控制台输出：正在处理第228/790张(国庆大作战基础)
2025-11-19 17:14:29 WARN  com.ososx.tcg.officer.apps.cli.tpl.CliTplCmd Line:163 - 表 国庆大作战基础 第15行是空行
2025-11-19 17:14:29 WARN  com.ososx.tcg.officer.apps.cli.tpl.CliTplCmd Line:163 - 表 国庆大作战基础 第16行是空行
2025-11-19 17:14:29 INFO  com.ososx.tcg.officer.apps.cli.tpl.CliTplFrame Line:115 - 控制台输出：国庆大作战基础 阅读完毕;
2025-11-19 17:14:29 INFO  com.ososx.tcg.officer.apps.cli.tpl.CliTplFrame Line:115 - 控制台输出：正在处理第229/790张(国庆大作战积分奖励)
2025-11-19 17:14:29 INFO  com.ososx.tcg.officer.apps.cli.tpl.CliTplFrame Line:115 - 控制台输出：国庆大作战积分奖励 阅读完毕;
2025-11-19 17:14:29 INFO  com.ososx.tcg.officer.apps.cli.tpl.CliTplFrame Line:115 - 控制台输出：正在处理第230/790张(国庆大作战任务类型)
2025-11-19 17:14:29 INFO  com.ososx.tcg.officer.apps.cli.tpl.CliTplFrame Line:115 - 控制台输出：国庆大作战任务类型 阅读完毕;
2025-11-19 17:14:29 INFO  com.ososx.tcg.officer.apps.cli.tpl.CliTplFrame Line:115 - 控制台输出：正在处理第231/790张(国庆狂欢基础)
2025-11-19 17:14:29 INFO  com.ososx.tcg.officer.apps.cli.tpl.CliTplFrame Line:115 - 控制台输出：国庆狂欢基础 阅读完毕;
2025-11-19 17:14:29 INFO  com.ososx.tcg.officer.apps.cli.tpl.CliTplFrame Line:115 - 控制台输出：正在处理第232/790张(国庆大促)
2025-11-19 17:14:29 INFO  com.ososx.tcg.officer.apps.cli.tpl.CliTplFrame Line:115 - 控制台输出：国庆大促 阅读完毕;
2025-11-19 17:14:29 INFO  com.ososx.tcg.officer.apps.cli.tpl.CliTplFrame Line:115 - 控制台输出：正在处理第233/790张(国庆狂欢登陆好礼)
2025-11-19 17:14:29 INFO  com.ososx.tcg.officer.apps.cli.tpl.CliTplFrame Line:115 - 控制台输出：国庆狂欢登陆好礼 阅读完毕;
2025-11-19 17:14:29 INFO  com.ososx.tcg.officer.apps.cli.tpl.CliTplFrame Line:115 - 控制台输出：正在处理第234/790张(国战阵营)
2025-11-19 17:14:29 INFO  com.ososx.tcg.officer.apps.cli.tpl.CliTplFrame Line:115 - 控制台输出：国战阵营 阅读完毕;
2025-11-19 17:14:29 INFO  com.ososx.tcg.officer.apps.cli.tpl.CliTplFrame Line:115 - 控制台输出：正在处理第235/790张(国战城池)
2025-11-19 17:14:29 INFO  com.ososx.tcg.officer.apps.cli.tpl.CliTplFrame Line:115 - 控制台输出：国战城池 阅读完毕;
2025-11-19 17:14:29 INFO  com.ososx.tcg.officer.apps.cli.tpl.CliTplFrame Line:115 - 控制台输出：正在处理第236/790张(国战随机奖励)
2025-11-19 17:14:29 INFO  com.ososx.tcg.officer.apps.cli.tpl.CliTplFrame Line:115 - 控制台输出：国战随机奖励 阅读完毕;
2025-11-19 17:14:29 INFO  com.ososx.tcg.officer.apps.cli.tpl.CliTplFrame Line:115 - 控制台输出：正在处理第237/790张(国战随机商店)
2025-11-19 17:14:29 INFO  com.ososx.tcg.officer.apps.cli.tpl.CliTplFrame Line:115 - 控制台输出：国战随机商店 阅读完毕;
2025-11-19 17:14:29 INFO  com.ososx.tcg.officer.apps.cli.tpl.CliTplFrame Line:115 - 控制台输出：正在处理第238/790张(国战排行榜奖励)
2025-11-19 17:14:29 INFO  com.ososx.tcg.officer.apps.cli.tpl.CliTplFrame Line:115 - 控制台输出：国战排行榜奖励 阅读完毕;
2025-11-19 17:14:29 INFO  com.ososx.tcg.officer.apps.cli.tpl.CliTplFrame Line:115 - 控制台输出：正在处理第239/790张(国战特殊道具)
2025-11-19 17:14:29 INFO  com.ososx.tcg.officer.apps.cli.tpl.CliTplFrame Line:115 - 控制台输出：国战特殊道具 阅读完毕;
2025-11-19 17:14:29 INFO  com.ososx.tcg.officer.apps.cli.tpl.CliTplFrame Line:115 - 控制台输出：正在处理第240/790张(国战阵营属性)
2025-11-19 17:14:29 INFO  com.ososx.tcg.officer.apps.cli.tpl.CliTplFrame Line:115 - 控制台输出：已忽略【国战阵营属性】
2025-11-19 17:14:29 INFO  com.ososx.tcg.officer.apps.cli.tpl.CliTplFrame Line:115 - 控制台输出：正在处理第241/790张(国战名望任务)
2025-11-19 17:14:29 INFO  com.ososx.tcg.officer.apps.cli.tpl.CliTplFrame Line:115 - 控制台输出：国战名望任务 阅读完毕;
2025-11-19 17:14:29 INFO  com.ososx.tcg.officer.apps.cli.tpl.CliTplFrame Line:115 - 控制台输出：正在处理第242/790张(国战名望奖励)
2025-11-19 17:14:29 WARN  com.ososx.tcg.officer.apps.cli.tpl.CliTplCmd Line:163 - 表 国战名望奖励 第5行是空行
2025-11-19 17:14:29 WARN  com.ososx.tcg.officer.apps.cli.tpl.CliTplCmd Line:163 - 表 国战名望奖励 第6行是空行
2025-11-19 17:14:29 INFO  com.ososx.tcg.officer.apps.cli.tpl.CliTplFrame Line:115 - 控制台输出：国战名望奖励 阅读完毕;
2025-11-19 17:14:29 INFO  com.ososx.tcg.officer.apps.cli.tpl.CliTplFrame Line:115 - 控制台输出：正在处理第243/790张(图腾基础)
2025-11-19 17:14:29 INFO  com.ososx.tcg.officer.apps.cli.tpl.CliTplFrame Line:115 - 控制台输出：图腾基础 阅读完毕;
2025-11-19 17:14:29 INFO  com.ososx.tcg.officer.apps.cli.tpl.CliTplFrame Line:115 - 控制台输出：正在处理第244/790张(图腾注能)
2025-11-19 17:14:29 INFO  com.ososx.tcg.officer.apps.cli.tpl.CliTplFrame Line:115 - 控制台输出：图腾注能 阅读完毕;
2025-11-19 17:14:29 INFO  com.ososx.tcg.officer.apps.cli.tpl.CliTplFrame Line:115 - 控制台输出：正在处理第245/790张(图腾进阶)
2025-11-19 17:14:29 INFO  com.ososx.tcg.officer.apps.cli.tpl.CliTplFrame Line:115 - 控制台输出：图腾进阶 阅读完毕;
2025-11-19 17:14:29 INFO  com.ososx.tcg.officer.apps.cli.tpl.CliTplFrame Line:115 - 控制台输出：正在处理第246/790张(混沌图腾属性)
2025-11-19 17:14:29 INFO  com.ososx.tcg.officer.apps.cli.tpl.CliTplFrame Line:115 - 控制台输出：混沌图腾属性 阅读完毕;
2025-11-19 17:14:29 INFO  com.ososx.tcg.officer.apps.cli.tpl.CliTplFrame Line:115 - 控制台输出：正在处理第247/790张(图腾圣殿类型)
2025-11-19 17:14:29 INFO  com.ososx.tcg.officer.apps.cli.tpl.CliTplFrame Line:115 - 控制台输出：图腾圣殿类型 阅读完毕;
2025-11-19 17:14:29 INFO  com.ososx.tcg.officer.apps.cli.tpl.CliTplFrame Line:115 - 控制台输出：正在处理第248/790张(图腾圣殿boss方案)
2025-11-19 17:14:29 INFO  com.ososx.tcg.officer.apps.cli.tpl.CliTplFrame Line:115 - 控制台输出：图腾圣殿boss方案 阅读完毕;
2025-11-19 17:14:29 INFO  com.ososx.tcg.officer.apps.cli.tpl.CliTplFrame Line:115 - 控制台输出：正在处理第249/790张(图腾圣殿副本)
2025-11-19 17:14:29 INFO  com.ososx.tcg.officer.apps.cli.tpl.CliTplFrame Line:115 - 控制台输出：图腾圣殿副本 阅读完毕;
2025-11-19 17:14:29 INFO  com.ososx.tcg.officer.apps.cli.tpl.CliTplFrame Line:115 - 控制台输出：正在处理第250/790张(图腾圣殿排行榜奖励)
2025-11-19 17:14:29 INFO  com.ososx.tcg.officer.apps.cli.tpl.CliTplFrame Line:115 - 控制台输出：图腾圣殿排行榜奖励 阅读完毕;
2025-11-19 17:14:29 INFO  com.ososx.tcg.officer.apps.cli.tpl.CliTplFrame Line:115 - 控制台输出：正在处理第251/790张(圣域基础)
2025-11-19 17:14:29 INFO  com.ososx.tcg.officer.apps.cli.tpl.CliTplFrame Line:115 - 控制台输出：圣域基础 阅读完毕;
2025-11-19 17:14:29 INFO  com.ososx.tcg.officer.apps.cli.tpl.CliTplFrame Line:115 - 控制台输出：正在处理第252/790张(圣域关卡)
2025-11-19 17:14:29 INFO  com.ososx.tcg.officer.apps.cli.tpl.CliTplFrame Line:115 - 控制台输出：圣域关卡 阅读完毕;
2025-11-19 17:14:29 INFO  com.ososx.tcg.officer.apps.cli.tpl.CliTplFrame Line:115 - 控制台输出：正在处理第253/790张(圣诞树基础)
2025-11-19 17:14:29 INFO  com.ososx.tcg.officer.apps.cli.tpl.CliTplFrame Line:115 - 控制台输出：圣诞树基础 阅读完毕;
2025-11-19 17:14:29 INFO  com.ososx.tcg.officer.apps.cli.tpl.CliTplFrame Line:115 - 控制台输出：正在处理第254/790张(圣诞树升级消耗)
2025-11-19 17:14:29 INFO  com.ososx.tcg.officer.apps.cli.tpl.CliTplFrame Line:115 - 控制台输出：圣诞树升级消耗 阅读完毕;
2025-11-19 17:14:29 INFO  com.ososx.tcg.officer.apps.cli.tpl.CliTplFrame Line:115 - 控制台输出：正在处理第255/790张(圣诞树奖励)
2025-11-19 17:14:29 INFO  com.ososx.tcg.officer.apps.cli.tpl.CliTplFrame Line:115 - 控制台输出：圣诞树奖励 阅读完毕;
2025-11-19 17:14:29 INFO  com.ososx.tcg.officer.apps.cli.tpl.CliTplFrame Line:115 - 控制台输出：正在处理第256/790张(境界基础)
2025-11-19 17:14:29 INFO  com.ososx.tcg.officer.apps.cli.tpl.CliTplFrame Line:115 - 控制台输出：境界基础 阅读完毕;
2025-11-19 17:14:29 INFO  com.ososx.tcg.officer.apps.cli.tpl.CliTplFrame Line:115 - 控制台输出：正在处理第257/790张(境界升级)
2025-11-19 17:14:29 INFO  com.ososx.tcg.officer.apps.cli.tpl.CliTplFrame Line:115 - 控制台输出：境界升级 阅读完毕;
2025-11-19 17:14:29 INFO  com.ososx.tcg.officer.apps.cli.tpl.CliTplFrame Line:115 - 控制台输出：正在处理第258/790张(属性组)
2025-11-19 17:14:29 INFO  com.ososx.tcg.officer.apps.cli.tpl.CliTplFrame Line:115 - 控制台输出：属性组 阅读完毕;
2025-11-19 17:14:29 INFO  com.ososx.tcg.officer.apps.cli.tpl.CliTplFrame Line:115 - 控制台输出：正在处理第259/790张(消耗组)
2025-11-19 17:14:29 INFO  com.ososx.tcg.officer.apps.cli.tpl.CliTplFrame Line:115 - 控制台输出：消耗组 阅读完毕;
2025-11-19 17:14:29 INFO  com.ososx.tcg.officer.apps.cli.tpl.CliTplFrame Line:115 - 控制台输出：正在处理第260/790张(多多益善基础)
2025-11-19 17:14:29 INFO  com.ososx.tcg.officer.apps.cli.tpl.CliTplFrame Line:115 - 控制台输出：多多益善基础 阅读完毕;
2025-11-19 17:14:29 INFO  com.ososx.tcg.officer.apps.cli.tpl.CliTplFrame Line:115 - 控制台输出：正在处理第261/790张(多多益善任务)
2025-11-19 17:14:29 INFO  com.ososx.tcg.officer.apps.cli.tpl.CliTplFrame Line:115 - 控制台输出：多多益善任务 阅读完毕;
2025-11-19 17:14:29 INFO  com.ososx.tcg.officer.apps.cli.tpl.CliTplFrame Line:115 - 控制台输出：正在处理第262/790张(天界迷宫层级)
2025-11-19 17:14:29 WARN  com.ososx.tcg.officer.apps.cli.tpl.CliTplCmd Line:163 - 表 天界迷宫层级 第7行是空行
2025-11-19 17:14:29 WARN  com.ososx.tcg.officer.apps.cli.tpl.CliTplCmd Line:163 - 表 天界迷宫层级 第8行是空行
2025-11-19 17:14:29 WARN  com.ososx.tcg.officer.apps.cli.tpl.CliTplCmd Line:163 - 表 天界迷宫层级 第9行是空行
2025-11-19 17:14:29 WARN  com.ososx.tcg.officer.apps.cli.tpl.CliTplCmd Line:163 - 表 天界迷宫层级 第10行是空行
2025-11-19 17:14:29 WARN  com.ososx.tcg.officer.apps.cli.tpl.CliTplCmd Line:163 - 表 天界迷宫层级 第11行是空行
2025-11-19 17:14:29 WARN  com.ososx.tcg.officer.apps.cli.tpl.CliTplCmd Line:163 - 表 天界迷宫层级 第12行是空行
2025-11-19 17:14:29 WARN  com.ososx.tcg.officer.apps.cli.tpl.CliTplCmd Line:163 - 表 天界迷宫层级 第13行是空行
2025-11-19 17:14:29 INFO  com.ososx.tcg.officer.apps.cli.tpl.CliTplFrame Line:115 - 控制台输出：天界迷宫层级 阅读完毕;
2025-11-19 17:14:29 INFO  com.ososx.tcg.officer.apps.cli.tpl.CliTplFrame Line:115 - 控制台输出：正在处理第263/790张(天界迷宫地图分组)
2025-11-19 17:14:29 INFO  com.ososx.tcg.officer.apps.cli.tpl.CliTplFrame Line:115 - 控制台输出：天界迷宫地图分组 阅读完毕;
2025-11-19 17:14:29 INFO  com.ososx.tcg.officer.apps.cli.tpl.CliTplFrame Line:115 - 控制台输出：正在处理第264/790张(天界迷宫地图)
2025-11-19 17:14:29 INFO  com.ososx.tcg.officer.apps.cli.tpl.CliTplFrame Line:115 - 控制台输出：天界迷宫地图 阅读完毕;
2025-11-19 17:14:29 INFO  com.ososx.tcg.officer.apps.cli.tpl.CliTplFrame Line:115 - 控制台输出：正在处理第265/790张(天界迷宫守卫)
2025-11-19 17:14:29 INFO  com.ososx.tcg.officer.apps.cli.tpl.CliTplFrame Line:115 - 控制台输出：天界迷宫守卫 阅读完毕;
2025-11-19 17:14:29 INFO  com.ososx.tcg.officer.apps.cli.tpl.CliTplFrame Line:115 - 控制台输出：正在处理第266/790张(天界迷宫符诏组包)
2025-11-19 17:14:29 INFO  com.ososx.tcg.officer.apps.cli.tpl.CliTplFrame Line:115 - 控制台输出：已忽略【天界迷宫符诏组包】
2025-11-19 17:14:29 INFO  com.ososx.tcg.officer.apps.cli.tpl.CliTplFrame Line:115 - 控制台输出：正在处理第267/790张(天界迷宫符诏)
2025-11-19 17:14:29 INFO  com.ososx.tcg.officer.apps.cli.tpl.CliTplFrame Line:115 - 控制台输出：天界迷宫符诏 阅读完毕;
2025-11-19 17:14:29 INFO  com.ososx.tcg.officer.apps.cli.tpl.CliTplFrame Line:115 - 控制台输出：正在处理第268/790张(天界迷宫场景技能)
2025-11-19 17:14:29 INFO  com.ososx.tcg.officer.apps.cli.tpl.CliTplFrame Line:115 - 控制台输出：已忽略【天界迷宫场景技能】
2025-11-19 17:14:29 INFO  com.ososx.tcg.officer.apps.cli.tpl.CliTplFrame Line:115 - 控制台输出：正在处理第269/790张(天界迷宫商品)
2025-11-19 17:14:29 INFO  com.ososx.tcg.officer.apps.cli.tpl.CliTplFrame Line:115 - 控制台输出：天界迷宫商品 阅读完毕;
2025-11-19 17:14:29 INFO  com.ososx.tcg.officer.apps.cli.tpl.CliTplFrame Line:115 - 控制台输出：正在处理第270/790张(天界迷宫格子类型)
2025-11-19 17:14:29 INFO  com.ososx.tcg.officer.apps.cli.tpl.CliTplFrame Line:115 - 控制台输出：天界迷宫格子类型 阅读完毕;
2025-11-19 17:14:29 INFO  com.ososx.tcg.officer.apps.cli.tpl.CliTplFrame Line:115 - 控制台输出：正在处理第271/790张(天降福袋基础)
2025-11-19 17:14:29 INFO  com.ososx.tcg.officer.apps.cli.tpl.CliTplFrame Line:115 - 控制台输出：天降福袋基础 阅读完毕;
2025-11-19 17:14:29 INFO  com.ososx.tcg.officer.apps.cli.tpl.CliTplFrame Line:115 - 控制台输出：正在处理第272/790张(天降福袋奖励)
2025-11-19 17:14:29 INFO  com.ososx.tcg.officer.apps.cli.tpl.CliTplFrame Line:115 - 控制台输出：天降福袋奖励 阅读完毕;
2025-11-19 17:14:29 INFO  com.ososx.tcg.officer.apps.cli.tpl.CliTplFrame Line:115 - 控制台输出：正在处理第273/790张(解锁额外名额)
2025-11-19 17:14:29 INFO  com.ososx.tcg.officer.apps.cli.tpl.CliTplFrame Line:115 - 控制台输出：解锁额外名额 阅读完毕;
2025-11-19 17:14:29 INFO  com.ososx.tcg.officer.apps.cli.tpl.CliTplFrame Line:115 - 控制台输出：正在处理第274/790张(定制装备)
2025-11-19 17:14:29 INFO  com.ososx.tcg.officer.apps.cli.tpl.CliTplFrame Line:115 - 控制台输出：定制装备 阅读完毕;
2025-11-19 17:14:29 INFO  com.ososx.tcg.officer.apps.cli.tpl.CliTplFrame Line:115 - 控制台输出：正在处理第275/790张(宝箱连开礼包)
2025-11-19 17:14:29 INFO  com.ososx.tcg.officer.apps.cli.tpl.CliTplFrame Line:115 - 控制台输出：宝箱连开礼包 阅读完毕;
2025-11-19 17:14:29 INFO  com.ososx.tcg.officer.apps.cli.tpl.CliTplFrame Line:115 - 控制台输出：正在处理第276/790张(宝青坊基础)
2025-11-19 17:14:29 INFO  com.ososx.tcg.officer.apps.cli.tpl.CliTplFrame Line:115 - 控制台输出：宝青坊基础 阅读完毕;
2025-11-19 17:14:29 INFO  com.ososx.tcg.officer.apps.cli.tpl.CliTplFrame Line:115 - 控制台输出：正在处理第277/790张(宝青坊作弊)
2025-11-19 17:14:29 INFO  com.ososx.tcg.officer.apps.cli.tpl.CliTplFrame Line:115 - 控制台输出：已忽略【宝青坊作弊】
2025-11-19 17:14:29 INFO  com.ososx.tcg.officer.apps.cli.tpl.CliTplFrame Line:115 - 控制台输出：正在处理第278/790张(宝青坊召唤方式)
2025-11-19 17:14:29 INFO  com.ososx.tcg.officer.apps.cli.tpl.CliTplFrame Line:115 - 控制台输出：宝青坊召唤方式 阅读完毕;
2025-11-19 17:14:29 INFO  com.ososx.tcg.officer.apps.cli.tpl.CliTplFrame Line:115 - 控制台输出：正在处理第279/790张(宝青坊召唤次数奖励)
2025-11-19 17:14:29 INFO  com.ososx.tcg.officer.apps.cli.tpl.CliTplFrame Line:115 - 控制台输出：宝青坊召唤次数奖励 阅读完毕;
2025-11-19 17:14:29 INFO  com.ososx.tcg.officer.apps.cli.tpl.CliTplFrame Line:115 - 控制台输出：正在处理第280/790张(宝青坊召唤分组)
2025-11-19 17:14:29 INFO  com.ososx.tcg.officer.apps.cli.tpl.CliTplFrame Line:115 - 控制台输出：宝青坊召唤分组 阅读完毕;
2025-11-19 17:14:29 INFO  com.ososx.tcg.officer.apps.cli.tpl.CliTplFrame Line:115 - 控制台输出：正在处理第281/790张(英雄实例)
2025-11-19 17:14:29 INFO  com.ososx.tcg.officer.apps.cli.tpl.CliTplFrame Line:115 - 控制台输出：已忽略【英雄实例】
2025-11-19 17:14:29 INFO  com.ososx.tcg.officer.apps.cli.tpl.CliTplFrame Line:115 - 控制台输出：正在处理第282/790张(一方实例)
2025-11-19 17:14:29 INFO  com.ososx.tcg.officer.apps.cli.tpl.CliTplFrame Line:115 - 控制台输出：已忽略【一方实例】
2025-11-19 17:14:29 INFO  com.ososx.tcg.officer.apps.cli.tpl.CliTplFrame Line:115 - 控制台输出：正在处理第283/790张(主角快照实例)
2025-11-19 17:14:29 INFO  com.ososx.tcg.officer.apps.cli.tpl.CliTplFrame Line:115 - 控制台输出：已忽略【主角快照实例】
2025-11-19 17:14:29 INFO  com.ososx.tcg.officer.apps.cli.tpl.CliTplFrame Line:115 - 控制台输出：正在处理第284/790张(神器实例)
2025-11-19 17:14:29 INFO  com.ososx.tcg.officer.apps.cli.tpl.CliTplFrame Line:115 - 控制台输出：已忽略【神器实例】
2025-11-19 17:14:29 INFO  com.ososx.tcg.officer.apps.cli.tpl.CliTplFrame Line:115 - 控制台输出：正在处理第285/790张(对手库)
2025-11-19 17:14:29 INFO  com.ososx.tcg.officer.apps.cli.tpl.CliTplFrame Line:115 - 控制台输出：已忽略【对手库】
2025-11-19 17:14:29 INFO  com.ososx.tcg.officer.apps.cli.tpl.CliTplFrame Line:115 - 控制台输出：正在处理第286/790张(随机英雄配置)
2025-11-19 17:14:29 INFO  com.ososx.tcg.officer.apps.cli.tpl.CliTplFrame Line:115 - 控制台输出：已忽略【随机英雄配置】
2025-11-19 17:14:29 INFO  com.ososx.tcg.officer.apps.cli.tpl.CliTplFrame Line:115 - 控制台输出：正在处理第287/790张(随机英雄库)
2025-11-19 17:14:29 INFO  com.ososx.tcg.officer.apps.cli.tpl.CliTplFrame Line:115 - 控制台输出：已忽略【随机英雄库】
2025-11-19 17:14:29 INFO  com.ososx.tcg.officer.apps.cli.tpl.CliTplFrame Line:115 - 控制台输出：正在处理第288/790张(藏品实例)
2025-11-19 17:14:29 INFO  com.ososx.tcg.officer.apps.cli.tpl.CliTplFrame Line:115 - 控制台输出：已忽略【藏品实例】
2025-11-19 17:14:29 INFO  com.ososx.tcg.officer.apps.cli.tpl.CliTplFrame Line:115 - 控制台输出：正在处理第289/790张(跨服天梯实例)
2025-11-19 17:14:29 INFO  com.ososx.tcg.officer.apps.cli.tpl.CliTplFrame Line:115 - 控制台输出：已忽略【跨服天梯实例】
2025-11-19 17:14:29 INFO  com.ososx.tcg.officer.apps.cli.tpl.CliTplFrame Line:115 - 控制台输出：正在处理第290/790张(装备实例)
2025-11-19 17:14:29 INFO  com.ososx.tcg.officer.apps.cli.tpl.CliTplFrame Line:115 - 控制台输出：已忽略【装备实例】
2025-11-19 17:14:29 INFO  com.ososx.tcg.officer.apps.cli.tpl.CliTplFrame Line:115 - 控制台输出：正在处理第291/790张(符文实例)
2025-11-19 17:14:29 INFO  com.ososx.tcg.officer.apps.cli.tpl.CliTplFrame Line:115 - 控制台输出：已忽略【符文实例】
2025-11-19 17:14:29 INFO  com.ososx.tcg.officer.apps.cli.tpl.CliTplFrame Line:115 - 控制台输出：正在处理第292/790张(命格实例)
2025-11-19 17:14:29 INFO  com.ososx.tcg.officer.apps.cli.tpl.CliTplFrame Line:115 - 控制台输出：已忽略【命格实例】
2025-11-19 17:14:29 INFO  com.ososx.tcg.officer.apps.cli.tpl.CliTplFrame Line:115 - 控制台输出：正在处理第293/790张(仙器实例)
2025-11-19 17:14:29 INFO  com.ososx.tcg.officer.apps.cli.tpl.CliTplFrame Line:115 - 控制台输出：已忽略【仙器实例】
2025-11-19 17:14:29 INFO  com.ososx.tcg.officer.apps.cli.tpl.CliTplFrame Line:115 - 控制台输出：正在处理第294/790张(兽灵实例)
2025-11-19 17:14:29 INFO  com.ososx.tcg.officer.apps.cli.tpl.CliTplFrame Line:115 - 控制台输出：已忽略【兽灵实例】
2025-11-19 17:14:29 INFO  com.ososx.tcg.officer.apps.cli.tpl.CliTplFrame Line:115 - 控制台输出：正在处理第295/790张(神龙实例)
2025-11-19 17:14:29 INFO  com.ososx.tcg.officer.apps.cli.tpl.CliTplFrame Line:115 - 控制台输出：神龙实例 阅读完毕;
2025-11-19 17:14:29 INFO  com.ososx.tcg.officer.apps.cli.tpl.CliTplFrame Line:115 - 控制台输出：正在处理第296/790张(神装技能备注)
2025-11-19 17:14:29 INFO  com.ososx.tcg.officer.apps.cli.tpl.CliTplFrame Line:115 - 控制台输出：神装技能备注 阅读完毕;
2025-11-19 17:14:29 INFO  com.ososx.tcg.officer.apps.cli.tpl.CliTplFrame Line:115 - 控制台输出：正在处理第297/790张(寻宝商店)
2025-11-19 17:14:29 INFO  com.ososx.tcg.officer.apps.cli.tpl.CliTplFrame Line:115 - 控制台输出：寻宝商店 阅读完毕;
2025-11-19 17:14:29 INFO  com.ososx.tcg.officer.apps.cli.tpl.CliTplFrame Line:115 - 控制台输出：正在处理第298/790张(寻宝类型)
2025-11-19 17:14:29 INFO  com.ososx.tcg.officer.apps.cli.tpl.CliTplFrame Line:115 - 控制台输出：寻宝类型 阅读完毕;
2025-11-19 17:14:29 INFO  com.ososx.tcg.officer.apps.cli.tpl.CliTplFrame Line:115 - 控制台输出：正在处理第299/790张(寻宝分组)
2025-11-19 17:14:29 INFO  com.ososx.tcg.officer.apps.cli.tpl.CliTplFrame Line:115 - 控制台输出：寻宝分组 阅读完毕;
2025-11-19 17:14:29 INFO  com.ososx.tcg.officer.apps.cli.tpl.CliTplFrame Line:115 - 控制台输出：正在处理第300/790张(寻宝奖品)
2025-11-19 17:14:29 INFO  com.ososx.tcg.officer.apps.cli.tpl.CliTplFrame Line:115 - 控制台输出：寻宝奖品 阅读完毕;
2025-11-19 17:14:29 INFO  com.ososx.tcg.officer.apps.cli.tpl.CliTplFrame Line:115 - 控制台输出：正在处理第301/790张(寻宝幸运值奖励)
2025-11-19 17:14:29 INFO  com.ososx.tcg.officer.apps.cli.tpl.CliTplFrame Line:115 - 控制台输出：寻宝幸运值奖励 阅读完毕;
2025-11-19 17:14:29 INFO  com.ososx.tcg.officer.apps.cli.tpl.CliTplFrame Line:115 - 控制台输出：正在处理第302/790张(封神祭坛等级)
2025-11-19 17:14:29 INFO  com.ososx.tcg.officer.apps.cli.tpl.CliTplFrame Line:115 - 控制台输出：已忽略【封神祭坛等级】
2025-11-19 17:14:29 INFO  com.ososx.tcg.officer.apps.cli.tpl.CliTplFrame Line:115 - 控制台输出：正在处理第303/790张(封神祭坛星级加成)
2025-11-19 17:14:29 INFO  com.ososx.tcg.officer.apps.cli.tpl.CliTplFrame Line:115 - 控制台输出：已忽略【封神祭坛星级加成】
2025-11-19 17:14:29 INFO  com.ososx.tcg.officer.apps.cli.tpl.CliTplFrame Line:115 - 控制台输出：正在处理第304/790张(献祭位开启条件)
2025-11-19 17:14:29 INFO  com.ososx.tcg.officer.apps.cli.tpl.CliTplFrame Line:115 - 控制台输出：已忽略【献祭位开启条件】
2025-11-19 17:14:29 INFO  com.ososx.tcg.officer.apps.cli.tpl.CliTplFrame Line:115 - 控制台输出：正在处理第305/790张(直接领奖)
2025-11-19 17:14:29 INFO  com.ososx.tcg.officer.apps.cli.tpl.CliTplFrame Line:115 - 控制台输出：直接领奖 阅读完毕;
2025-11-19 17:14:29 INFO  com.ososx.tcg.officer.apps.cli.tpl.CliTplFrame Line:115 - 控制台输出：正在处理第306/790张(属性信息)
2025-11-19 17:14:29 INFO  com.ososx.tcg.officer.apps.cli.tpl.CliTplFrame Line:115 - 控制台输出：属性信息 阅读完毕;
2025-11-19 17:14:29 INFO  com.ososx.tcg.officer.apps.cli.tpl.CliTplFrame Line:115 - 控制台输出：正在处理第307/790张(巅峰会武基础)
2025-11-19 17:14:29 INFO  com.ososx.tcg.officer.apps.cli.tpl.CliTplFrame Line:115 - 控制台输出：巅峰会武基础 阅读完毕;
2025-11-19 17:14:29 INFO  com.ososx.tcg.officer.apps.cli.tpl.CliTplFrame Line:115 - 控制台输出：正在处理第308/790张(巅峰会武阶段时间表)
2025-11-19 17:14:29 INFO  com.ososx.tcg.officer.apps.cli.tpl.CliTplFrame Line:115 - 控制台输出：巅峰会武阶段时间表 阅读完毕;
2025-11-19 17:14:29 INFO  com.ososx.tcg.officer.apps.cli.tpl.CliTplFrame Line:115 - 控制台输出：正在处理第309/790张(巅峰会武祈福方式)
2025-11-19 17:14:29 INFO  com.ososx.tcg.officer.apps.cli.tpl.CliTplFrame Line:115 - 控制台输出：巅峰会武祈福方式 阅读完毕;
2025-11-19 17:14:29 INFO  com.ososx.tcg.officer.apps.cli.tpl.CliTplFrame Line:115 - 控制台输出：正在处理第310/790张(巅峰会武祈福等级)
2025-11-19 17:14:29 INFO  com.ososx.tcg.officer.apps.cli.tpl.CliTplFrame Line:115 - 控制台输出：巅峰会武祈福等级 阅读完毕;
2025-11-19 17:14:29 INFO  com.ososx.tcg.officer.apps.cli.tpl.CliTplFrame Line:115 - 控制台输出：正在处理第311/790张(巅峰会武等级分组)
2025-11-19 17:14:29 INFO  com.ososx.tcg.officer.apps.cli.tpl.CliTplFrame Line:115 - 控制台输出：巅峰会武等级分组 阅读完毕;
2025-11-19 17:14:29 INFO  com.ososx.tcg.officer.apps.cli.tpl.CliTplFrame Line:115 - 控制台输出：正在处理第312/790张(巅峰会武排行榜奖励)
2025-11-19 17:14:29 INFO  com.ososx.tcg.officer.apps.cli.tpl.CliTplFrame Line:115 - 控制台输出：巅峰会武排行榜奖励 阅读完毕;
2025-11-19 17:14:29 INFO  com.ososx.tcg.officer.apps.cli.tpl.CliTplFrame Line:115 - 控制台输出：正在处理第313/790张(巅峰会武全服挑战奖励)
2025-11-19 17:14:29 INFO  com.ososx.tcg.officer.apps.cli.tpl.CliTplFrame Line:115 - 控制台输出：巅峰会武全服挑战奖励 阅读完毕;
2025-11-19 17:14:29 INFO  com.ososx.tcg.officer.apps.cli.tpl.CliTplFrame Line:115 - 控制台输出：正在处理第314/790张(巅峰会武淘汰赛赛程)
2025-11-19 17:14:29 WARN  com.ososx.tcg.officer.apps.cli.tpl.CliTplCmd Line:163 - 表 巅峰会武淘汰赛赛程 第11行是空行
2025-11-19 17:14:29 WARN  com.ososx.tcg.officer.apps.cli.tpl.CliTplCmd Line:163 - 表 巅峰会武淘汰赛赛程 第12行是空行
2025-11-19 17:14:29 WARN  com.ososx.tcg.officer.apps.cli.tpl.CliTplCmd Line:163 - 表 巅峰会武淘汰赛赛程 第13行是空行
2025-11-19 17:14:29 INFO  com.ososx.tcg.officer.apps.cli.tpl.CliTplFrame Line:115 - 控制台输出：巅峰会武淘汰赛赛程 阅读完毕;
2025-11-19 17:14:29 INFO  com.ososx.tcg.officer.apps.cli.tpl.CliTplFrame Line:115 - 控制台输出：正在处理第315/790张(荣耀殿堂奖励分组)
2025-11-19 17:14:29 INFO  com.ososx.tcg.officer.apps.cli.tpl.CliTplFrame Line:115 - 控制台输出：荣耀殿堂奖励分组 阅读完毕;
2025-11-19 17:14:29 INFO  com.ososx.tcg.officer.apps.cli.tpl.CliTplFrame Line:115 - 控制台输出：正在处理第316/790张(荣耀殿堂奖池)
2025-11-19 17:14:29 INFO  com.ososx.tcg.officer.apps.cli.tpl.CliTplFrame Line:115 - 控制台输出：已忽略【荣耀殿堂奖池】
2025-11-19 17:14:29 INFO  com.ososx.tcg.officer.apps.cli.tpl.CliTplFrame Line:115 - 控制台输出：正在处理第317/790张(荣耀殿堂每日庆功消耗)
2025-11-19 17:14:29 INFO  com.ososx.tcg.officer.apps.cli.tpl.CliTplFrame Line:115 - 控制台输出：荣耀殿堂每日庆功消耗 阅读完毕;
2025-11-19 17:14:29 INFO  com.ososx.tcg.officer.apps.cli.tpl.CliTplFrame Line:115 - 控制台输出：正在处理第318/790张(巅峰会武预告)
2025-11-19 17:14:29 INFO  com.ososx.tcg.officer.apps.cli.tpl.CliTplFrame Line:115 - 控制台输出：巅峰会武预告 阅读完毕;
2025-11-19 17:14:29 INFO  com.ososx.tcg.officer.apps.cli.tpl.CliTplFrame Line:115 - 控制台输出：正在处理第319/790张(幸运盲盒基础)
2025-11-19 17:14:29 INFO  com.ososx.tcg.officer.apps.cli.tpl.CliTplFrame Line:115 - 控制台输出：幸运盲盒基础 阅读完毕;
2025-11-19 17:14:29 INFO  com.ososx.tcg.officer.apps.cli.tpl.CliTplFrame Line:115 - 控制台输出：正在处理第320/790张(作弊规则)
2025-11-19 17:14:29 INFO  com.ososx.tcg.officer.apps.cli.tpl.CliTplFrame Line:115 - 控制台输出：已忽略【作弊规则】
2025-11-19 17:14:29 INFO  com.ososx.tcg.officer.apps.cli.tpl.CliTplFrame Line:115 - 控制台输出：正在处理第321/790张(广告领奖)
2025-11-19 17:14:29 INFO  com.ososx.tcg.officer.apps.cli.tpl.CliTplFrame Line:115 - 控制台输出：已忽略【广告领奖】
2025-11-19 17:14:29 INFO  com.ososx.tcg.officer.apps.cli.tpl.CliTplFrame Line:115 - 控制台输出：正在处理第322/790张(序章剧情)
2025-11-19 17:14:29 INFO  com.ososx.tcg.officer.apps.cli.tpl.CliTplFrame Line:115 - 控制台输出：序章剧情 阅读完毕;
2025-11-19 17:14:29 INFO  com.ososx.tcg.officer.apps.cli.tpl.CliTplFrame Line:115 - 控制台输出：正在处理第323/790张(序章战斗对话)
2025-11-19 17:14:29 INFO  com.ososx.tcg.officer.apps.cli.tpl.CliTplFrame Line:115 - 控制台输出：序章战斗对话 阅读完毕;
2025-11-19 17:14:29 INFO  com.ososx.tcg.officer.apps.cli.tpl.CliTplFrame Line:115 - 控制台输出：正在处理第324/790张(开服战令基础)
2025-11-19 17:14:29 INFO  com.ososx.tcg.officer.apps.cli.tpl.CliTplFrame Line:115 - 控制台输出：已忽略【开服战令基础】
2025-11-19 17:14:29 INFO  com.ososx.tcg.officer.apps.cli.tpl.CliTplFrame Line:115 - 控制台输出：正在处理第325/790张(开服战令积分奖励)
2025-11-19 17:14:29 INFO  com.ososx.tcg.officer.apps.cli.tpl.CliTplFrame Line:115 - 控制台输出：已忽略【开服战令积分奖励】
2025-11-19 17:14:29 INFO  com.ososx.tcg.officer.apps.cli.tpl.CliTplFrame Line:115 - 控制台输出：正在处理第326/790张(开服战令任务类型)
2025-11-19 17:14:29 INFO  com.ososx.tcg.officer.apps.cli.tpl.CliTplFrame Line:115 - 控制台输出：已忽略【开服战令任务类型】
2025-11-19 17:14:29 INFO  com.ososx.tcg.officer.apps.cli.tpl.CliTplFrame Line:115 - 控制台输出：正在处理第327/790张(开服活动基础)
2025-11-19 17:14:29 INFO  com.ososx.tcg.officer.apps.cli.tpl.CliTplFrame Line:115 - 控制台输出：开服活动基础 阅读完毕;
2025-11-19 17:14:29 INFO  com.ososx.tcg.officer.apps.cli.tpl.CliTplFrame Line:115 - 控制台输出：正在处理第328/790张(七日历练展示)
2025-11-19 17:14:29 INFO  com.ososx.tcg.officer.apps.cli.tpl.CliTplFrame Line:115 - 控制台输出：七日历练展示 阅读完毕;
2025-11-19 17:14:29 INFO  com.ososx.tcg.officer.apps.cli.tpl.CliTplFrame Line:115 - 控制台输出：正在处理第329/790张(七日历练任务)
2025-11-19 17:14:29 INFO  com.ososx.tcg.officer.apps.cli.tpl.CliTplFrame Line:115 - 控制台输出：七日历练任务 阅读完毕;
2025-11-19 17:14:29 INFO  com.ososx.tcg.officer.apps.cli.tpl.CliTplFrame Line:115 - 控制台输出：正在处理第330/790张(七日历练宝箱)
2025-11-19 17:14:29 INFO  com.ososx.tcg.officer.apps.cli.tpl.CliTplFrame Line:115 - 控制台输出：七日历练宝箱 阅读完毕;
2025-11-19 17:14:29 INFO  com.ososx.tcg.officer.apps.cli.tpl.CliTplFrame Line:115 - 控制台输出：正在处理第331/790张(七日历练商店)
2025-11-19 17:14:29 INFO  com.ososx.tcg.officer.apps.cli.tpl.CliTplFrame Line:115 - 控制台输出：七日历练商店 阅读完毕;
2025-11-19 17:14:29 INFO  com.ososx.tcg.officer.apps.cli.tpl.CliTplFrame Line:115 - 控制台输出：正在处理第332/790张(锦囊之谜任务)
2025-11-19 17:14:29 INFO  com.ososx.tcg.officer.apps.cli.tpl.CliTplFrame Line:115 - 控制台输出：锦囊之谜任务 阅读完毕;
2025-11-19 17:14:29 INFO  com.ososx.tcg.officer.apps.cli.tpl.CliTplFrame Line:115 - 控制台输出：正在处理第333/790张(锦囊之谜宝箱)
2025-11-19 17:14:29 INFO  com.ososx.tcg.officer.apps.cli.tpl.CliTplFrame Line:115 - 控制台输出：锦囊之谜宝箱 阅读完毕;
2025-11-19 17:14:29 INFO  com.ososx.tcg.officer.apps.cli.tpl.CliTplFrame Line:115 - 控制台输出：正在处理第334/790张(云游仙境任务)
2025-11-19 17:14:29 INFO  com.ososx.tcg.officer.apps.cli.tpl.CliTplFrame Line:115 - 控制台输出：云游仙境任务 阅读完毕;
2025-11-19 17:14:29 INFO  com.ososx.tcg.officer.apps.cli.tpl.CliTplFrame Line:115 - 控制台输出：正在处理第335/790张(云游仙境宝箱)
2025-11-19 17:14:29 INFO  com.ososx.tcg.officer.apps.cli.tpl.CliTplFrame Line:115 - 控制台输出：云游仙境宝箱 阅读完毕;
2025-11-19 17:14:29 INFO  com.ososx.tcg.officer.apps.cli.tpl.CliTplFrame Line:115 - 控制台输出：正在处理第336/790张(功劳簿任务)
2025-11-19 17:14:29 INFO  com.ososx.tcg.officer.apps.cli.tpl.CliTplFrame Line:115 - 控制台输出：功劳簿任务 阅读完毕;
2025-11-19 17:14:29 INFO  com.ososx.tcg.officer.apps.cli.tpl.CliTplFrame Line:115 - 控制台输出：正在处理第337/790张(功劳簿等级)
2025-11-19 17:14:29 INFO  com.ososx.tcg.officer.apps.cli.tpl.CliTplFrame Line:115 - 控制台输出：功劳簿等级 阅读完毕;
2025-11-19 17:14:29 INFO  com.ososx.tcg.officer.apps.cli.tpl.CliTplFrame Line:115 - 控制台输出：正在处理第338/790张(开服红包基础)
2025-11-19 17:14:29 INFO  com.ososx.tcg.officer.apps.cli.tpl.CliTplFrame Line:115 - 控制台输出：已忽略【开服红包基础】
2025-11-19 17:14:29 INFO  com.ososx.tcg.officer.apps.cli.tpl.CliTplFrame Line:115 - 控制台输出：正在处理第339/790张(开服红包配置)
2025-11-19 17:14:29 INFO  com.ososx.tcg.officer.apps.cli.tpl.CliTplFrame Line:115 - 控制台输出：已忽略【开服红包配置】
2025-11-19 17:14:29 INFO  com.ososx.tcg.officer.apps.cli.tpl.CliTplFrame Line:115 - 控制台输出：正在处理第340/790张(开服红包排行榜)
2025-11-19 17:14:29 INFO  com.ososx.tcg.officer.apps.cli.tpl.CliTplFrame Line:115 - 控制台输出：已忽略【开服红包排行榜】
2025-11-19 17:14:29 INFO  com.ososx.tcg.officer.apps.cli.tpl.CliTplFrame Line:115 - 控制台输出：正在处理第341/790张(开服红包宝箱奖励)
2025-11-19 17:14:29 INFO  com.ososx.tcg.officer.apps.cli.tpl.CliTplFrame Line:115 - 控制台输出：已忽略【开服红包宝箱奖励】
2025-11-19 17:14:29 INFO  com.ososx.tcg.officer.apps.cli.tpl.CliTplFrame Line:115 - 控制台输出：正在处理第342/790张(异常英雄回收基础)
2025-11-19 17:14:29 INFO  com.ososx.tcg.officer.apps.cli.tpl.CliTplFrame Line:115 - 控制台输出：已忽略【异常英雄回收基础】
2025-11-19 17:14:29 INFO  com.ososx.tcg.officer.apps.cli.tpl.CliTplFrame Line:115 - 控制台输出：正在处理第343/790张(异常回收英雄分组)
2025-11-19 17:14:29 INFO  com.ososx.tcg.officer.apps.cli.tpl.CliTplFrame Line:115 - 控制台输出：已忽略【异常回收英雄分组】
2025-11-19 17:14:29 INFO  com.ososx.tcg.officer.apps.cli.tpl.CliTplFrame Line:115 - 控制台输出：正在处理第344/790张(循环七天乐基础)
2025-11-19 17:14:29 INFO  com.ososx.tcg.officer.apps.cli.tpl.CliTplFrame Line:115 - 控制台输出：循环七天乐基础 阅读完毕;
2025-11-19 17:14:29 INFO  com.ososx.tcg.officer.apps.cli.tpl.CliTplFrame Line:115 - 控制台输出：正在处理第345/790张(循环七天乐商店)
2025-11-19 17:14:29 INFO  com.ososx.tcg.officer.apps.cli.tpl.CliTplFrame Line:115 - 控制台输出：循环七天乐商店 阅读完毕;
2025-11-19 17:14:30 INFO  com.ososx.tcg.officer.apps.cli.tpl.CliTplFrame Line:115 - 控制台输出：正在处理第346/790张(循环周限购基础)
2025-11-19 17:14:30 INFO  com.ososx.tcg.officer.apps.cli.tpl.CliTplFrame Line:115 - 控制台输出：循环周限购基础 阅读完毕;
2025-11-19 17:14:30 INFO  com.ososx.tcg.officer.apps.cli.tpl.CliTplFrame Line:115 - 控制台输出：正在处理第347/790张(循环周限购商店)
2025-11-19 17:14:30 INFO  com.ososx.tcg.officer.apps.cli.tpl.CliTplFrame Line:115 - 控制台输出：循环周限购商店 阅读完毕;
2025-11-19 17:14:30 INFO  com.ososx.tcg.officer.apps.cli.tpl.CliTplFrame Line:115 - 控制台输出：正在处理第348/790张(循环商城基础)
2025-11-19 17:14:30 INFO  com.ososx.tcg.officer.apps.cli.tpl.CliTplFrame Line:115 - 控制台输出：循环商城基础 阅读完毕;
2025-11-19 17:14:30 INFO  com.ososx.tcg.officer.apps.cli.tpl.CliTplFrame Line:115 - 控制台输出：正在处理第349/790张(循环商城商品)
2025-11-19 17:14:30 INFO  com.ososx.tcg.officer.apps.cli.tpl.CliTplFrame Line:115 - 控制台输出：循环商城商品 阅读完毕;
2025-11-19 17:14:30 INFO  com.ososx.tcg.officer.apps.cli.tpl.CliTplFrame Line:115 - 控制台输出：正在处理第350/790张(自然日期商城基础)
2025-11-19 17:14:30 INFO  com.ososx.tcg.officer.apps.cli.tpl.CliTplFrame Line:115 - 控制台输出：自然日期商城基础 阅读完毕;
2025-11-19 17:14:30 INFO  com.ososx.tcg.officer.apps.cli.tpl.CliTplFrame Line:115 - 控制台输出：正在处理第351/790张(自然日期商城商品)
2025-11-19 17:14:30 INFO  com.ososx.tcg.officer.apps.cli.tpl.CliTplFrame Line:115 - 控制台输出：自然日期商城商品 阅读完毕;
2025-11-19 17:14:30 INFO  com.ososx.tcg.officer.apps.cli.tpl.CliTplFrame Line:115 - 控制台输出：正在处理第352/790张(自然日兑换商城基础)
2025-11-19 17:14:30 INFO  com.ososx.tcg.officer.apps.cli.tpl.CliTplFrame Line:115 - 控制台输出：自然日兑换商城基础 阅读完毕;
2025-11-19 17:14:30 INFO  com.ososx.tcg.officer.apps.cli.tpl.CliTplFrame Line:115 - 控制台输出：正在处理第353/790张(自然日兑换商城商品)
2025-11-19 17:14:30 INFO  com.ososx.tcg.officer.apps.cli.tpl.CliTplFrame Line:115 - 控制台输出：自然日兑换商城商品 阅读完毕;
2025-11-19 17:14:30 INFO  com.ososx.tcg.officer.apps.cli.tpl.CliTplFrame Line:115 - 控制台输出：正在处理第354/790张(自然日研磨商城基础)
2025-11-19 17:14:30 INFO  com.ososx.tcg.officer.apps.cli.tpl.CliTplFrame Line:115 - 控制台输出：自然日研磨商城基础 阅读完毕;
2025-11-19 17:14:30 INFO  com.ososx.tcg.officer.apps.cli.tpl.CliTplFrame Line:115 - 控制台输出：正在处理第355/790张(自然日研磨商城商品)
2025-11-19 17:14:30 INFO  com.ososx.tcg.officer.apps.cli.tpl.CliTplFrame Line:115 - 控制台输出：自然日研磨商城商品 阅读完毕;
2025-11-19 17:14:30 INFO  com.ososx.tcg.officer.apps.cli.tpl.CliTplFrame Line:115 - 控制台输出：正在处理第356/790张(挂机掉落活动)
2025-11-19 17:14:30 INFO  com.ososx.tcg.officer.apps.cli.tpl.CliTplFrame Line:115 - 控制台输出：挂机掉落活动 阅读完毕;
2025-11-19 17:14:30 INFO  com.ososx.tcg.officer.apps.cli.tpl.CliTplFrame Line:115 - 控制台输出：正在处理第357/790张(挂机掉落商店)
2025-11-19 17:14:30 INFO  com.ososx.tcg.officer.apps.cli.tpl.CliTplFrame Line:115 - 控制台输出：挂机掉落商店 阅读完毕;
2025-11-19 17:14:30 INFO  com.ososx.tcg.officer.apps.cli.tpl.CliTplFrame Line:115 - 控制台输出：正在处理第358/790张(任务比拼活动)
2025-11-19 17:14:30 INFO  com.ososx.tcg.officer.apps.cli.tpl.CliTplFrame Line:115 - 控制台输出：任务比拼活动 阅读完毕;
2025-11-19 17:14:30 INFO  com.ososx.tcg.officer.apps.cli.tpl.CliTplFrame Line:115 - 控制台输出：正在处理第359/790张(任务比拼详情)
2025-11-19 17:14:30 INFO  com.ososx.tcg.officer.apps.cli.tpl.CliTplFrame Line:115 - 控制台输出：任务比拼详情 阅读完毕;
2025-11-19 17:14:30 INFO  com.ososx.tcg.officer.apps.cli.tpl.CliTplFrame Line:115 - 控制台输出：正在处理第360/790张(任务比拼排行榜)
2025-11-19 17:14:30 INFO  com.ososx.tcg.officer.apps.cli.tpl.CliTplFrame Line:115 - 控制台输出：任务比拼排行榜 阅读完毕;
2025-11-19 17:14:30 INFO  com.ososx.tcg.officer.apps.cli.tpl.CliTplFrame Line:115 - 控制台输出：正在处理第361/790张(限时活动排序)
2025-11-19 17:14:30 INFO  com.ososx.tcg.officer.apps.cli.tpl.CliTplFrame Line:115 - 控制台输出：限时活动排序 阅读完毕;
2025-11-19 17:14:30 INFO  com.ososx.tcg.officer.apps.cli.tpl.CliTplFrame Line:115 - 控制台输出：正在处理第362/790张(精英召唤活动)
2025-11-19 17:14:30 INFO  com.ososx.tcg.officer.apps.cli.tpl.CliTplFrame Line:115 - 控制台输出：精英召唤活动 阅读完毕;
2025-11-19 17:14:30 INFO  com.ososx.tcg.officer.apps.cli.tpl.CliTplFrame Line:115 - 控制台输出：正在处理第363/790张(精英召唤方式)
2025-11-19 17:14:30 INFO  com.ososx.tcg.officer.apps.cli.tpl.CliTplFrame Line:115 - 控制台输出：精英召唤方式 阅读完毕;
2025-11-19 17:14:30 INFO  com.ososx.tcg.officer.apps.cli.tpl.CliTplFrame Line:115 - 控制台输出：正在处理第364/790张(精英召唤奖励)
2025-11-19 17:14:30 INFO  com.ososx.tcg.officer.apps.cli.tpl.CliTplFrame Line:115 - 控制台输出：精英召唤奖励 阅读完毕;
2025-11-19 17:14:30 INFO  com.ososx.tcg.officer.apps.cli.tpl.CliTplFrame Line:115 - 控制台输出：正在处理第365/790张(精英召唤商店)
2025-11-19 17:14:30 INFO  com.ososx.tcg.officer.apps.cli.tpl.CliTplFrame Line:115 - 控制台输出：精英召唤商店 阅读完毕;
2025-11-19 17:14:30 INFO  com.ososx.tcg.officer.apps.cli.tpl.CliTplFrame Line:115 - 控制台输出：正在处理第366/790张(精英召唤商品)
2025-11-19 17:14:30 INFO  com.ososx.tcg.officer.apps.cli.tpl.CliTplFrame Line:115 - 控制台输出：精英召唤商品 阅读完毕;
2025-11-19 17:14:30 INFO  com.ososx.tcg.officer.apps.cli.tpl.CliTplFrame Line:115 - 控制台输出：正在处理第367/790张(每日限购活动)
2025-11-19 17:14:30 INFO  com.ososx.tcg.officer.apps.cli.tpl.CliTplFrame Line:115 - 控制台输出：每日限购活动 阅读完毕;
2025-11-19 17:14:30 INFO  com.ososx.tcg.officer.apps.cli.tpl.CliTplFrame Line:115 - 控制台输出：正在处理第368/790张(每日限购活动商店)
2025-11-19 17:14:30 INFO  com.ososx.tcg.officer.apps.cli.tpl.CliTplFrame Line:115 - 控制台输出：每日限购活动商店 阅读完毕;
2025-11-19 17:14:30 INFO  com.ososx.tcg.officer.apps.cli.tpl.CliTplFrame Line:115 - 控制台输出：正在处理第369/790张(战令活动基础)
2025-11-19 17:14:30 INFO  com.ososx.tcg.officer.apps.cli.tpl.CliTplFrame Line:115 - 控制台输出：战令活动基础 阅读完毕;
2025-11-19 17:14:30 INFO  com.ososx.tcg.officer.apps.cli.tpl.CliTplFrame Line:115 - 控制台输出：正在处理第370/790张(战令积分奖励)
2025-11-19 17:14:30 INFO  com.ososx.tcg.officer.apps.cli.tpl.CliTplFrame Line:115 - 控制台输出：战令积分奖励 阅读完毕;
2025-11-19 17:14:30 INFO  com.ososx.tcg.officer.apps.cli.tpl.CliTplFrame Line:115 - 控制台输出：正在处理第371/790张(战令任务)
2025-11-19 17:14:30 INFO  com.ososx.tcg.officer.apps.cli.tpl.CliTplFrame Line:115 - 控制台输出：战令任务 阅读完毕;
2025-11-19 17:14:30 INFO  com.ososx.tcg.officer.apps.cli.tpl.CliTplFrame Line:115 - 控制台输出：正在处理第372/790张(迷宫战令基础)
2025-11-19 17:14:30 INFO  com.ososx.tcg.officer.apps.cli.tpl.CliTplFrame Line:115 - 控制台输出：迷宫战令基础 阅读完毕;
2025-11-19 17:14:30 INFO  com.ososx.tcg.officer.apps.cli.tpl.CliTplFrame Line:115 - 控制台输出：正在处理第373/790张(迷宫战令积分奖励)
2025-11-19 17:14:30 INFO  com.ososx.tcg.officer.apps.cli.tpl.CliTplFrame Line:115 - 控制台输出：迷宫战令积分奖励 阅读完毕;
2025-11-19 17:14:30 INFO  com.ososx.tcg.officer.apps.cli.tpl.CliTplFrame Line:115 - 控制台输出：正在处理第374/790张(全服限购活动)
2025-11-19 17:14:30 INFO  com.ososx.tcg.officer.apps.cli.tpl.CliTplFrame Line:115 - 控制台输出：全服限购活动 阅读完毕;
2025-11-19 17:14:30 INFO  com.ososx.tcg.officer.apps.cli.tpl.CliTplFrame Line:115 - 控制台输出：正在处理第375/790张(全服限购活动商品)
2025-11-19 17:14:30 INFO  com.ososx.tcg.officer.apps.cli.tpl.CliTplFrame Line:115 - 控制台输出：全服限购活动商品 阅读完毕;
2025-11-19 17:14:30 INFO  com.ososx.tcg.officer.apps.cli.tpl.CliTplFrame Line:115 - 控制台输出：正在处理第376/790张(全服限购活动次数奖励)
2025-11-19 17:14:30 INFO  com.ososx.tcg.officer.apps.cli.tpl.CliTplFrame Line:115 - 控制台输出：全服限购活动次数奖励 阅读完毕;
2025-11-19 17:14:30 INFO  com.ososx.tcg.officer.apps.cli.tpl.CliTplFrame Line:115 - 控制台输出：正在处理第377/790张(锦鲤活动)
2025-11-19 17:14:30 INFO  com.ososx.tcg.officer.apps.cli.tpl.CliTplFrame Line:115 - 控制台输出：锦鲤活动 阅读完毕;
2025-11-19 17:14:30 INFO  com.ososx.tcg.officer.apps.cli.tpl.CliTplFrame Line:115 - 控制台输出：正在处理第378/790张(锦鲤活动奖励)
2025-11-19 17:14:30 INFO  com.ososx.tcg.officer.apps.cli.tpl.CliTplFrame Line:115 - 控制台输出：锦鲤活动奖励 阅读完毕;
2025-11-19 17:14:30 INFO  com.ososx.tcg.officer.apps.cli.tpl.CliTplFrame Line:115 - 控制台输出：正在处理第379/790张(砸金蛋活动)
2025-11-19 17:14:30 INFO  com.ososx.tcg.officer.apps.cli.tpl.CliTplFrame Line:115 - 控制台输出：砸金蛋活动 阅读完毕;
2025-11-19 17:14:30 INFO  com.ososx.tcg.officer.apps.cli.tpl.CliTplFrame Line:115 - 控制台输出：正在处理第380/790张(砸金蛋方式)
2025-11-19 17:14:30 INFO  com.ososx.tcg.officer.apps.cli.tpl.CliTplFrame Line:115 - 控制台输出：砸金蛋方式 阅读完毕;
2025-11-19 17:14:30 INFO  com.ososx.tcg.officer.apps.cli.tpl.CliTplFrame Line:115 - 控制台输出：正在处理第381/790张(砸金蛋奖励)
2025-11-19 17:14:30 INFO  com.ososx.tcg.officer.apps.cli.tpl.CliTplFrame Line:115 - 控制台输出：砸金蛋奖励 阅读完毕;
2025-11-19 17:14:30 INFO  com.ososx.tcg.officer.apps.cli.tpl.CliTplFrame Line:115 - 控制台输出：正在处理第382/790张(兽魂周卡活动)
2025-11-19 17:14:30 INFO  com.ososx.tcg.officer.apps.cli.tpl.CliTplFrame Line:115 - 控制台输出：兽魂周卡活动 阅读完毕;
2025-11-19 17:14:30 INFO  com.ososx.tcg.officer.apps.cli.tpl.CliTplFrame Line:115 - 控制台输出：正在处理第383/790张(兽魂周卡档位)
2025-11-19 17:14:30 INFO  com.ososx.tcg.officer.apps.cli.tpl.CliTplFrame Line:115 - 控制台输出：兽魂周卡档位 阅读完毕;
2025-11-19 17:14:30 INFO  com.ososx.tcg.officer.apps.cli.tpl.CliTplFrame Line:115 - 控制台输出：正在处理第384/790张(图腾周卡活动)
2025-11-19 17:14:30 INFO  com.ososx.tcg.officer.apps.cli.tpl.CliTplFrame Line:115 - 控制台输出：图腾周卡活动 阅读完毕;
2025-11-19 17:14:30 INFO  com.ososx.tcg.officer.apps.cli.tpl.CliTplFrame Line:115 - 控制台输出：正在处理第385/790张(图腾周卡档位)
2025-11-19 17:14:30 INFO  com.ososx.tcg.officer.apps.cli.tpl.CliTplFrame Line:115 - 控制台输出：图腾周卡档位 阅读完毕;
2025-11-19 17:14:30 INFO  com.ososx.tcg.officer.apps.cli.tpl.CliTplFrame Line:115 - 控制台输出：正在处理第386/790张(召唤福利基础)
2025-11-19 17:14:30 INFO  com.ososx.tcg.officer.apps.cli.tpl.CliTplFrame Line:115 - 控制台输出：召唤福利基础 阅读完毕;
2025-11-19 17:14:30 INFO  com.ososx.tcg.officer.apps.cli.tpl.CliTplFrame Line:115 - 控制台输出：正在处理第387/790张(召唤福利奖励)
2025-11-19 17:14:30 INFO  com.ososx.tcg.officer.apps.cli.tpl.CliTplFrame Line:115 - 控制台输出：召唤福利奖励 阅读完毕;
2025-11-19 17:14:30 INFO  com.ososx.tcg.officer.apps.cli.tpl.CliTplFrame Line:115 - 控制台输出：正在处理第388/790张(心愿之礼每日礼包)
2025-11-19 17:14:30 INFO  com.ososx.tcg.officer.apps.cli.tpl.CliTplFrame Line:115 - 控制台输出：心愿之礼每日礼包 阅读完毕;
2025-11-19 17:14:30 INFO  com.ososx.tcg.officer.apps.cli.tpl.CliTplFrame Line:115 - 控制台输出：正在处理第389/790张(悬赏任务库)
2025-11-19 17:14:30 INFO  com.ososx.tcg.officer.apps.cli.tpl.CliTplFrame Line:115 - 控制台输出：悬赏任务库 阅读完毕;
2025-11-19 17:14:30 INFO  com.ososx.tcg.officer.apps.cli.tpl.CliTplFrame Line:115 - 控制台输出：正在处理第390/790张(任务组权重)
2025-11-19 17:14:30 INFO  com.ososx.tcg.officer.apps.cli.tpl.CliTplFrame Line:115 - 控制台输出：已忽略【任务组权重】
2025-11-19 17:14:30 INFO  com.ososx.tcg.officer.apps.cli.tpl.CliTplFrame Line:115 - 控制台输出：正在处理第391/790张(任务刷新权重)
2025-11-19 17:14:30 INFO  com.ososx.tcg.officer.apps.cli.tpl.CliTplFrame Line:115 - 控制台输出：已忽略【任务刷新权重】
2025-11-19 17:14:30 INFO  com.ososx.tcg.officer.apps.cli.tpl.CliTplFrame Line:115 - 控制台输出：正在处理第392/790张(感恩节活动基础)
2025-11-19 17:14:30 INFO  com.ososx.tcg.officer.apps.cli.tpl.CliTplFrame Line:115 - 控制台输出：感恩节活动基础 阅读完毕;
2025-11-19 17:14:30 INFO  com.ososx.tcg.officer.apps.cli.tpl.CliTplFrame Line:115 - 控制台输出：正在处理第393/790张(感恩节活动召唤方式)
2025-11-19 17:14:30 INFO  com.ososx.tcg.officer.apps.cli.tpl.CliTplFrame Line:115 - 控制台输出：感恩节活动召唤方式 阅读完毕;
2025-11-19 17:14:30 INFO  com.ososx.tcg.officer.apps.cli.tpl.CliTplFrame Line:115 - 控制台输出：正在处理第394/790张(感恩节活动召唤分组)
2025-11-19 17:14:30 INFO  com.ososx.tcg.officer.apps.cli.tpl.CliTplFrame Line:115 - 控制台输出：感恩节活动召唤分组 阅读完毕;
2025-11-19 17:14:30 INFO  com.ososx.tcg.officer.apps.cli.tpl.CliTplFrame Line:115 - 控制台输出：正在处理第395/790张(作弊规则)
2025-11-19 17:14:30 INFO  com.ososx.tcg.officer.apps.cli.tpl.CliTplFrame Line:115 - 控制台输出：已忽略【作弊规则】
2025-11-19 17:14:30 INFO  com.ososx.tcg.officer.apps.cli.tpl.CliTplFrame Line:115 - 控制台输出：正在处理第396/790张(推荐阵容)
2025-11-19 17:14:30 INFO  com.ososx.tcg.officer.apps.cli.tpl.CliTplFrame Line:115 - 控制台输出：推荐阵容 阅读完毕;
2025-11-19 17:14:30 INFO  com.ososx.tcg.officer.apps.cli.tpl.CliTplFrame Line:115 - 控制台输出：正在处理第397/790张(战力冲刺奖励)
2025-11-19 17:14:30 INFO  com.ososx.tcg.officer.apps.cli.tpl.CliTplFrame Line:115 - 控制台输出：已忽略【战力冲刺奖励】
2025-11-19 17:14:30 INFO  com.ososx.tcg.officer.apps.cli.tpl.CliTplFrame Line:115 - 控制台输出：正在处理第398/790张(阵法配置)
2025-11-19 17:14:30 INFO  com.ososx.tcg.officer.apps.cli.tpl.CliTplFrame Line:115 - 控制台输出：阵法配置 阅读完毕;
2025-11-19 17:14:30 INFO  com.ososx.tcg.officer.apps.cli.tpl.CliTplFrame Line:115 - 控制台输出：正在处理第399/790张(阵营加成)
2025-11-19 17:14:30 INFO  com.ososx.tcg.officer.apps.cli.tpl.CliTplFrame Line:115 - 控制台输出：阵营加成 阅读完毕;
2025-11-19 17:14:30 INFO  com.ososx.tcg.officer.apps.cli.tpl.CliTplFrame Line:115 - 控制台输出：正在处理第400/790张(buff)
2025-11-19 17:14:30 WARN  com.ososx.tcg.officer.apps.cli.tpl.CliTplCmd Line:163 - 表 buff 第3300行是空行
2025-11-19 17:14:30 WARN  com.ososx.tcg.officer.apps.cli.tpl.CliTplCmd Line:163 - 表 buff 第3329行是空行
2025-11-19 17:14:30 WARN  com.ososx.tcg.officer.apps.cli.tpl.CliTplCmd Line:163 - 表 buff 第3330行是空行
2025-11-19 17:14:30 WARN  com.ososx.tcg.officer.apps.cli.tpl.CliTplCmd Line:163 - 表 buff 第3331行是空行
2025-11-19 17:14:30 INFO  com.ososx.tcg.officer.apps.cli.tpl.CliTplFrame Line:115 - 控制台输出：buff 阅读完毕;
2025-11-19 17:14:30 INFO  com.ososx.tcg.officer.apps.cli.tpl.CliTplFrame Line:115 - 控制台输出：正在处理第401/790张(变身)
2025-11-19 17:14:30 INFO  com.ososx.tcg.officer.apps.cli.tpl.CliTplFrame Line:115 - 控制台输出：变身 阅读完毕;
2025-11-19 17:14:30 INFO  com.ososx.tcg.officer.apps.cli.tpl.CliTplFrame Line:115 - 控制台输出：正在处理第402/790张(战斗测试)
2025-11-19 17:14:30 INFO  com.ososx.tcg.officer.apps.cli.tpl.CliTplFrame Line:115 - 控制台输出：战斗测试 阅读完毕;
2025-11-19 17:14:30 INFO  com.ososx.tcg.officer.apps.cli.tpl.CliTplFrame Line:115 - 控制台输出：正在处理第403/790张(阵法升级)
2025-11-19 17:14:30 INFO  com.ososx.tcg.officer.apps.cli.tpl.CliTplFrame Line:115 - 控制台输出：阵法升级 阅读完毕;
2025-11-19 17:14:30 INFO  com.ososx.tcg.officer.apps.cli.tpl.CliTplFrame Line:115 - 控制台输出：正在处理第404/790张(战斗场景配置)
2025-11-19 17:14:30 INFO  com.ososx.tcg.officer.apps.cli.tpl.CliTplFrame Line:115 - 控制台输出：战斗场景配置 阅读完毕;
2025-11-19 17:14:30 INFO  com.ososx.tcg.officer.apps.cli.tpl.CliTplFrame Line:115 - 控制台输出：正在处理第405/790张(技能预览)
2025-11-19 17:14:30 INFO  com.ososx.tcg.officer.apps.cli.tpl.CliTplFrame Line:115 - 控制台输出：技能预览 阅读完毕;
2025-11-19 17:14:30 INFO  com.ososx.tcg.officer.apps.cli.tpl.CliTplFrame Line:115 - 控制台输出：正在处理第406/790张(文本色值)
2025-11-19 17:14:30 INFO  com.ososx.tcg.officer.apps.cli.tpl.CliTplFrame Line:115 - 控制台输出：文本色值 阅读完毕;
2025-11-19 17:14:30 INFO  com.ososx.tcg.officer.apps.cli.tpl.CliTplFrame Line:115 - 控制台输出：正在处理第407/790张(文本库)
2025-11-19 17:14:30 WARN  com.ososx.tcg.officer.apps.cli.tpl.CliTplCmd Line:163 - 表 文本库 第5401行是空行
2025-11-19 17:14:30 WARN  com.ososx.tcg.officer.apps.cli.tpl.CliTplCmd Line:163 - 表 文本库 第5402行是空行
2025-11-19 17:14:30 WARN  com.ososx.tcg.officer.apps.cli.tpl.CliTplCmd Line:163 - 表 文本库 第5403行是空行
2025-11-19 17:14:30 WARN  com.ososx.tcg.officer.apps.cli.tpl.CliTplCmd Line:163 - 表 文本库 第5445行是空行
2025-11-19 17:14:30 WARN  com.ososx.tcg.officer.apps.cli.tpl.CliTplCmd Line:163 - 表 文本库 第5487行是空行
2025-11-19 17:14:30 WARN  com.ososx.tcg.officer.apps.cli.tpl.CliTplCmd Line:163 - 表 文本库 第5531行是空行
2025-11-19 17:14:30 INFO  com.ososx.tcg.officer.apps.cli.tpl.CliTplFrame Line:115 - 控制台输出：文本库 阅读完毕;
2025-11-19 17:14:30 INFO  com.ososx.tcg.officer.apps.cli.tpl.CliTplFrame Line:115 - 控制台输出：正在处理第408/790张(新七日登陆基础)
2025-11-19 17:14:30 INFO  com.ososx.tcg.officer.apps.cli.tpl.CliTplFrame Line:115 - 控制台输出：新七日登陆基础 阅读完毕;
2025-11-19 17:14:30 INFO  com.ososx.tcg.officer.apps.cli.tpl.CliTplFrame Line:115 - 控制台输出：正在处理第409/790张(新七日登陆奖励)
2025-11-19 17:14:30 INFO  com.ososx.tcg.officer.apps.cli.tpl.CliTplFrame Line:115 - 控制台输出：新七日登陆奖励 阅读完毕;
2025-11-19 17:14:30 INFO  com.ososx.tcg.officer.apps.cli.tpl.CliTplFrame Line:115 - 控制台输出：正在处理第410/790张(引导配置)
2025-11-19 17:14:30 INFO  com.ososx.tcg.officer.apps.cli.tpl.CliTplFrame Line:115 - 控制台输出：引导配置 阅读完毕;
2025-11-19 17:14:30 INFO  com.ososx.tcg.officer.apps.cli.tpl.CliTplFrame Line:115 - 控制台输出：正在处理第411/790张(新手福利兑换)
2025-11-19 17:14:30 INFO  com.ososx.tcg.officer.apps.cli.tpl.CliTplFrame Line:115 - 控制台输出：新手福利兑换 阅读完毕;
2025-11-19 17:14:30 INFO  com.ososx.tcg.officer.apps.cli.tpl.CliTplFrame Line:115 - 控制台输出：正在处理第412/790张(新手福利任务)
2025-11-19 17:14:30 INFO  com.ososx.tcg.officer.apps.cli.tpl.CliTplFrame Line:115 - 控制台输出：新手福利任务 阅读完毕;
2025-11-19 17:14:30 INFO  com.ososx.tcg.officer.apps.cli.tpl.CliTplFrame Line:115 - 控制台输出：正在处理第413/790张(新英雄上新活动日期)
2025-11-19 17:14:30 INFO  com.ososx.tcg.officer.apps.cli.tpl.CliTplFrame Line:115 - 控制台输出：新英雄上新活动日期 阅读完毕;
2025-11-19 17:14:30 INFO  com.ososx.tcg.officer.apps.cli.tpl.CliTplFrame Line:115 - 控制台输出：正在处理第414/790张(新英雄上新英雄试炼)
2025-11-19 17:14:30 INFO  com.ososx.tcg.officer.apps.cli.tpl.CliTplFrame Line:115 - 控制台输出：新英雄上新英雄试炼 阅读完毕;
2025-11-19 17:14:30 INFO  com.ososx.tcg.officer.apps.cli.tpl.CliTplFrame Line:115 - 控制台输出：正在处理第415/790张(新英雄上新试炼豪礼)
2025-11-19 17:14:30 INFO  com.ososx.tcg.officer.apps.cli.tpl.CliTplFrame Line:115 - 控制台输出：新英雄上新试炼豪礼 阅读完毕;
2025-11-19 17:14:30 INFO  com.ososx.tcg.officer.apps.cli.tpl.CliTplFrame Line:115 - 控制台输出：正在处理第416/790张(新英雄上新英雄战令)
2025-11-19 17:14:30 INFO  com.ososx.tcg.officer.apps.cli.tpl.CliTplFrame Line:115 - 控制台输出：新英雄上新英雄战令 阅读完毕;
2025-11-19 17:14:30 INFO  com.ososx.tcg.officer.apps.cli.tpl.CliTplFrame Line:115 - 控制台输出：正在处理第417/790张(新英雄上新战令奖励)
2025-11-19 17:14:30 INFO  com.ososx.tcg.officer.apps.cli.tpl.CliTplFrame Line:115 - 控制台输出：新英雄上新战令奖励 阅读完毕;
2025-11-19 17:14:30 INFO  com.ososx.tcg.officer.apps.cli.tpl.CliTplFrame Line:115 - 控制台输出：正在处理第418/790张(新英雄上新战令任务)
2025-11-19 17:14:30 INFO  com.ososx.tcg.officer.apps.cli.tpl.CliTplFrame Line:115 - 控制台输出：新英雄上新战令任务 阅读完毕;
2025-11-19 17:14:30 INFO  com.ososx.tcg.officer.apps.cli.tpl.CliTplFrame Line:115 - 控制台输出：正在处理第419/790张(新英雄上新签到奖励)
2025-11-19 17:14:30 INFO  com.ososx.tcg.officer.apps.cli.tpl.CliTplFrame Line:115 - 控制台输出：新英雄上新签到奖励 阅读完毕;
2025-11-19 17:14:30 INFO  com.ososx.tcg.officer.apps.cli.tpl.CliTplFrame Line:115 - 控制台输出：正在处理第420/790张(试炼BUFF加成)
2025-11-19 17:14:30 INFO  com.ososx.tcg.officer.apps.cli.tpl.CliTplFrame Line:115 - 控制台输出：试炼BUFF加成 阅读完毕;
2025-11-19 17:14:30 INFO  com.ososx.tcg.officer.apps.cli.tpl.CliTplFrame Line:115 - 控制台输出：正在处理第421/790张(无尽试炼buff选项)
2025-11-19 17:14:30 INFO  com.ososx.tcg.officer.apps.cli.tpl.CliTplFrame Line:115 - 控制台输出：无尽试炼buff选项 阅读完毕;
2025-11-19 17:14:30 INFO  com.ososx.tcg.officer.apps.cli.tpl.CliTplFrame Line:115 - 控制台输出：正在处理第422/790张(无尽试炼关卡)
2025-11-19 17:14:30 INFO  com.ososx.tcg.officer.apps.cli.tpl.CliTplFrame Line:115 - 控制台输出：无尽试炼关卡 阅读完毕;
2025-11-19 17:14:30 INFO  com.ososx.tcg.officer.apps.cli.tpl.CliTplFrame Line:115 - 控制台输出：正在处理第423/790张(无尽试炼排行榜奖励)
2025-11-19 17:14:30 INFO  com.ososx.tcg.officer.apps.cli.tpl.CliTplFrame Line:115 - 控制台输出：无尽试炼排行榜奖励 阅读完毕;
2025-11-19 17:14:30 INFO  com.ososx.tcg.officer.apps.cli.tpl.CliTplFrame Line:115 - 控制台输出：正在处理第424/790张(无尽试炼奖励展示)
2025-11-19 17:14:30 INFO  com.ososx.tcg.officer.apps.cli.tpl.CliTplFrame Line:115 - 控制台输出：无尽试炼奖励展示 阅读完毕;
2025-11-19 17:14:30 INFO  com.ososx.tcg.officer.apps.cli.tpl.CliTplFrame Line:115 - 控制台输出：正在处理第425/790张(日常副本)
2025-11-19 17:14:30 INFO  com.ososx.tcg.officer.apps.cli.tpl.CliTplFrame Line:115 - 控制台输出：日常副本 阅读完毕;
2025-11-19 17:14:30 INFO  com.ososx.tcg.officer.apps.cli.tpl.CliTplFrame Line:115 - 控制台输出：正在处理第426/790张(星宿图升级)
2025-11-19 17:14:30 INFO  com.ososx.tcg.officer.apps.cli.tpl.CliTplFrame Line:115 - 控制台输出：星宿图升级 阅读完毕;
2025-11-19 17:14:30 INFO  com.ososx.tcg.officer.apps.cli.tpl.CliTplFrame Line:115 - 控制台输出：正在处理第427/790张(星宿基础)
2025-11-19 17:14:30 INFO  com.ososx.tcg.officer.apps.cli.tpl.CliTplFrame Line:115 - 控制台输出：星宿基础 阅读完毕;
2025-11-19 17:14:30 INFO  com.ososx.tcg.officer.apps.cli.tpl.CliTplFrame Line:115 - 控制台输出：正在处理第428/790张(春节基础)
2025-11-19 17:14:30 INFO  com.ososx.tcg.officer.apps.cli.tpl.CliTplFrame Line:115 - 控制台输出：春节基础 阅读完毕;
2025-11-19 17:14:30 INFO  com.ososx.tcg.officer.apps.cli.tpl.CliTplFrame Line:115 - 控制台输出：正在处理第429/790张(春节登陆好礼)
2025-11-19 17:14:30 INFO  com.ososx.tcg.officer.apps.cli.tpl.CliTplFrame Line:115 - 控制台输出：春节登陆好礼 阅读完毕;
2025-11-19 17:14:30 INFO  com.ososx.tcg.officer.apps.cli.tpl.CliTplFrame Line:115 - 控制台输出：正在处理第430/790张(春节任务)
2025-11-19 17:14:30 INFO  com.ososx.tcg.officer.apps.cli.tpl.CliTplFrame Line:115 - 控制台输出：春节任务 阅读完毕;
2025-11-19 17:14:30 INFO  com.ososx.tcg.officer.apps.cli.tpl.CliTplFrame Line:115 - 控制台输出：正在处理第431/790张(春节礼包)
2025-11-19 17:14:30 WARN  com.ososx.tcg.officer.apps.cli.tpl.CliTplCmd Line:163 - 表 春节礼包 第14行是空行
2025-11-19 17:14:30 WARN  com.ososx.tcg.officer.apps.cli.tpl.CliTplCmd Line:163 - 表 春节礼包 第16行是空行
2025-11-19 17:14:30 WARN  com.ososx.tcg.officer.apps.cli.tpl.CliTplCmd Line:163 - 表 春节礼包 第17行是空行
2025-11-19 17:14:30 INFO  com.ososx.tcg.officer.apps.cli.tpl.CliTplFrame Line:115 - 控制台输出：春节礼包 阅读完毕;
2025-11-19 17:14:30 INFO  com.ososx.tcg.officer.apps.cli.tpl.CliTplFrame Line:115 - 控制台输出：正在处理第432/790张(春节大富翁)
2025-11-19 17:14:30 INFO  com.ososx.tcg.officer.apps.cli.tpl.CliTplFrame Line:115 - 控制台输出：已忽略【春节大富翁】
2025-11-19 17:14:30 INFO  com.ososx.tcg.officer.apps.cli.tpl.CliTplFrame Line:115 - 控制台输出：正在处理第433/790张(大富翁BOSS)
2025-11-19 17:14:30 INFO  com.ososx.tcg.officer.apps.cli.tpl.CliTplFrame Line:115 - 控制台输出：已忽略【大富翁BOSS】
2025-11-19 17:14:30 INFO  com.ososx.tcg.officer.apps.cli.tpl.CliTplFrame Line:115 - 控制台输出：正在处理第434/790张(大富翁商店)
2025-11-19 17:14:30 INFO  com.ososx.tcg.officer.apps.cli.tpl.CliTplFrame Line:115 - 控制台输出：大富翁商店 阅读完毕;
2025-11-19 17:14:30 INFO  com.ososx.tcg.officer.apps.cli.tpl.CliTplFrame Line:115 - 控制台输出：正在处理第435/790张(大富翁宝箱)
2025-11-19 17:14:30 INFO  com.ososx.tcg.officer.apps.cli.tpl.CliTplFrame Line:115 - 控制台输出：已忽略【大富翁宝箱】
2025-11-19 17:14:30 INFO  com.ososx.tcg.officer.apps.cli.tpl.CliTplFrame Line:115 - 控制台输出：正在处理第436/790张(大富翁事件类型)
2025-11-19 17:14:30 WARN  com.ososx.tcg.officer.apps.cli.tpl.CliTplCmd Line:163 - 表 大富翁事件类型 第10行是空行
2025-11-19 17:14:30 WARN  com.ososx.tcg.officer.apps.cli.tpl.CliTplCmd Line:163 - 表 大富翁事件类型 第11行是空行
2025-11-19 17:14:30 INFO  com.ososx.tcg.officer.apps.cli.tpl.CliTplFrame Line:115 - 控制台输出：大富翁事件类型 阅读完毕;
2025-11-19 17:14:30 INFO  com.ososx.tcg.officer.apps.cli.tpl.CliTplFrame Line:115 - 控制台输出：正在处理第437/790张(大富翁祝福)
2025-11-19 17:14:30 INFO  com.ososx.tcg.officer.apps.cli.tpl.CliTplFrame Line:115 - 控制台输出：已忽略【大富翁祝福】
2025-11-19 17:14:30 INFO  com.ososx.tcg.officer.apps.cli.tpl.CliTplFrame Line:115 - 控制台输出：正在处理第438/790张(大富翁厄运)
2025-11-19 17:14:30 INFO  com.ososx.tcg.officer.apps.cli.tpl.CliTplFrame Line:115 - 控制台输出：已忽略【大富翁厄运】
2025-11-19 17:14:30 INFO  com.ososx.tcg.officer.apps.cli.tpl.CliTplFrame Line:115 - 控制台输出：正在处理第439/790张(大富翁圈数奖励)
2025-11-19 17:14:30 INFO  com.ososx.tcg.officer.apps.cli.tpl.CliTplFrame Line:115 - 控制台输出：大富翁圈数奖励 阅读完毕;
2025-11-19 17:14:30 INFO  com.ososx.tcg.officer.apps.cli.tpl.CliTplFrame Line:115 - 控制台输出：正在处理第440/790张(暑期大作战基础)
2025-11-19 17:14:30 INFO  com.ososx.tcg.officer.apps.cli.tpl.CliTplFrame Line:115 - 控制台输出：暑期大作战基础 阅读完毕;
2025-11-19 17:14:30 INFO  com.ososx.tcg.officer.apps.cli.tpl.CliTplFrame Line:115 - 控制台输出：正在处理第441/790张(暑期大作战积分奖励)
2025-11-19 17:14:30 INFO  com.ososx.tcg.officer.apps.cli.tpl.CliTplFrame Line:115 - 控制台输出：暑期大作战积分奖励 阅读完毕;
2025-11-19 17:14:30 INFO  com.ososx.tcg.officer.apps.cli.tpl.CliTplFrame Line:115 - 控制台输出：正在处理第442/790张(任务类型)
2025-11-19 17:14:30 INFO  com.ososx.tcg.officer.apps.cli.tpl.CliTplFrame Line:115 - 控制台输出：任务类型 阅读完毕;
2025-11-19 17:14:30 INFO  com.ososx.tcg.officer.apps.cli.tpl.CliTplFrame Line:115 - 控制台输出：正在处理第443/790张(DY小卖部)
2025-11-19 17:14:30 INFO  com.ososx.tcg.officer.apps.cli.tpl.CliTplFrame Line:115 - 控制台输出：DY小卖部 阅读完毕;
2025-11-19 17:14:30 INFO  com.ososx.tcg.officer.apps.cli.tpl.CliTplFrame Line:115 - 控制台输出：正在处理第444/790张(暑期狂欢登陆好礼)
2025-11-19 17:14:30 INFO  com.ososx.tcg.officer.apps.cli.tpl.CliTplFrame Line:115 - 控制台输出：暑期狂欢登陆好礼 阅读完毕;
2025-11-19 17:14:30 INFO  com.ososx.tcg.officer.apps.cli.tpl.CliTplFrame Line:115 - 控制台输出：正在处理第445/790张(小卖部商店)
2025-11-19 17:14:30 INFO  com.ososx.tcg.officer.apps.cli.tpl.CliTplFrame Line:115 - 控制台输出：小卖部商店 阅读完毕;
2025-11-19 17:14:30 INFO  com.ososx.tcg.officer.apps.cli.tpl.CliTplFrame Line:115 - 控制台输出：正在处理第446/790张(暑期大促销)
2025-11-19 17:14:30 INFO  com.ososx.tcg.officer.apps.cli.tpl.CliTplFrame Line:115 - 控制台输出：暑期大促销 阅读完毕;
2025-11-19 17:14:30 INFO  com.ososx.tcg.officer.apps.cli.tpl.CliTplFrame Line:115 - 控制台输出：正在处理第447/790张(替补英雄基础)
2025-11-19 17:14:30 INFO  com.ososx.tcg.officer.apps.cli.tpl.CliTplFrame Line:115 - 控制台输出：替补英雄基础 阅读完毕;
2025-11-19 17:14:30 INFO  com.ososx.tcg.officer.apps.cli.tpl.CliTplFrame Line:115 - 控制台输出：正在处理第448/790张(梦境BOSS基础)
2025-11-19 17:14:30 INFO  com.ososx.tcg.officer.apps.cli.tpl.CliTplFrame Line:115 - 控制台输出：梦境BOSS基础 阅读完毕;
2025-11-19 17:14:30 INFO  com.ososx.tcg.officer.apps.cli.tpl.CliTplFrame Line:115 - 控制台输出：正在处理第449/790张(梦境BOSS梦境配置)
2025-11-19 17:14:30 INFO  com.ososx.tcg.officer.apps.cli.tpl.CliTplFrame Line:115 - 控制台输出：梦境BOSS梦境配置 阅读完毕;
2025-11-19 17:14:30 INFO  com.ososx.tcg.officer.apps.cli.tpl.CliTplFrame Line:115 - 控制台输出：正在处理第450/790张(梦境BOSS分组配置)
2025-11-19 17:14:30 INFO  com.ososx.tcg.officer.apps.cli.tpl.CliTplFrame Line:115 - 控制台输出：已忽略【梦境BOSS分组配置】
2025-11-19 17:14:30 INFO  com.ososx.tcg.officer.apps.cli.tpl.CliTplFrame Line:115 - 控制台输出：正在处理第451/790张(梦境BOSS怪物池)
2025-11-19 17:14:30 INFO  com.ososx.tcg.officer.apps.cli.tpl.CliTplFrame Line:115 - 控制台输出：梦境BOSS怪物池 阅读完毕;
2025-11-19 17:14:30 INFO  com.ososx.tcg.officer.apps.cli.tpl.CliTplFrame Line:115 - 控制台输出：正在处理第452/790张(梦境BOSS击杀奖励池)
2025-11-19 17:14:30 INFO  com.ososx.tcg.officer.apps.cli.tpl.CliTplFrame Line:115 - 控制台输出：梦境BOSS击杀奖励池 阅读完毕;
2025-11-19 17:14:30 INFO  com.ososx.tcg.officer.apps.cli.tpl.CliTplFrame Line:115 - 控制台输出：正在处理第453/790张(梦境BOSS追加奖励池)
2025-11-19 17:14:30 INFO  com.ososx.tcg.officer.apps.cli.tpl.CliTplFrame Line:115 - 控制台输出：梦境BOSS追加奖励池 阅读完毕;
2025-11-19 17:14:30 INFO  com.ososx.tcg.officer.apps.cli.tpl.CliTplFrame Line:115 - 控制台输出：正在处理第454/790张(植树节活动基础)
2025-11-19 17:14:30 INFO  com.ososx.tcg.officer.apps.cli.tpl.CliTplFrame Line:115 - 控制台输出：植树节活动基础 阅读完毕;
2025-11-19 17:14:30 INFO  com.ososx.tcg.officer.apps.cli.tpl.CliTplFrame Line:115 - 控制台输出：正在处理第455/790张(树苗基础)
2025-11-19 17:14:30 INFO  com.ososx.tcg.officer.apps.cli.tpl.CliTplFrame Line:115 - 控制台输出：树苗基础 阅读完毕;
2025-11-19 17:14:30 INFO  com.ososx.tcg.officer.apps.cli.tpl.CliTplFrame Line:115 - 控制台输出：正在处理第456/790张(树苗奖励)
2025-11-19 17:14:30 INFO  com.ososx.tcg.officer.apps.cli.tpl.CliTplFrame Line:115 - 控制台输出：树苗奖励 阅读完毕;
2025-11-19 17:14:30 INFO  com.ososx.tcg.officer.apps.cli.tpl.CliTplFrame Line:115 - 控制台输出：正在处理第457/790张(驱虫奖励)
2025-11-19 17:14:30 INFO  com.ososx.tcg.officer.apps.cli.tpl.CliTplFrame Line:115 - 控制台输出：驱虫奖励 阅读完毕;
2025-11-19 17:14:30 INFO  com.ososx.tcg.officer.apps.cli.tpl.CliTplFrame Line:115 - 控制台输出：正在处理第458/790张(植树节礼包)
2025-11-19 17:14:30 INFO  com.ososx.tcg.officer.apps.cli.tpl.CliTplFrame Line:115 - 控制台输出：植树节礼包 阅读完毕;
2025-11-19 17:14:30 INFO  com.ososx.tcg.officer.apps.cli.tpl.CliTplFrame Line:115 - 控制台输出：正在处理第459/790张(植树节任务)
2025-11-19 17:14:30 INFO  com.ososx.tcg.officer.apps.cli.tpl.CliTplFrame Line:115 - 控制台输出：植树节任务 阅读完毕;
2025-11-19 17:14:30 INFO  com.ososx.tcg.officer.apps.cli.tpl.CliTplFrame Line:115 - 控制台输出：正在处理第460/790张(榜单列表)
2025-11-19 17:14:30 INFO  com.ososx.tcg.officer.apps.cli.tpl.CliTplFrame Line:115 - 控制台输出：榜单列表 阅读完毕;
2025-11-19 17:14:30 INFO  com.ososx.tcg.officer.apps.cli.tpl.CliTplFrame Line:115 - 控制台输出：正在处理第461/790张(欢度中秋基础)
2025-11-19 17:14:30 INFO  com.ososx.tcg.officer.apps.cli.tpl.CliTplFrame Line:115 - 控制台输出：欢度中秋基础 阅读完毕;
2025-11-19 17:14:30 INFO  com.ososx.tcg.officer.apps.cli.tpl.CliTplFrame Line:115 - 控制台输出：正在处理第462/790张(欢度中秋积分)
2025-11-19 17:14:30 INFO  com.ososx.tcg.officer.apps.cli.tpl.CliTplFrame Line:115 - 控制台输出：欢度中秋积分 阅读完毕;
2025-11-19 17:14:30 INFO  com.ososx.tcg.officer.apps.cli.tpl.CliTplFrame Line:115 - 控制台输出：正在处理第463/790张(欢度中秋奖励)
2025-11-19 17:14:30 INFO  com.ososx.tcg.officer.apps.cli.tpl.CliTplFrame Line:115 - 控制台输出：欢度中秋奖励 阅读完毕;
2025-11-19 17:14:30 INFO  com.ososx.tcg.officer.apps.cli.tpl.CliTplFrame Line:115 - 控制台输出：正在处理第464/790张(欢度中秋礼包)
2025-11-19 17:14:30 INFO  com.ososx.tcg.officer.apps.cli.tpl.CliTplFrame Line:115 - 控制台输出：欢度中秋礼包 阅读完毕;
2025-11-19 17:14:30 INFO  com.ososx.tcg.officer.apps.cli.tpl.CliTplFrame Line:115 - 控制台输出：正在处理第465/790张(每月首充基础)
2025-11-19 17:14:30 INFO  com.ososx.tcg.officer.apps.cli.tpl.CliTplFrame Line:115 - 控制台输出：已忽略【每月首充基础】
2025-11-19 17:14:30 INFO  com.ososx.tcg.officer.apps.cli.tpl.CliTplFrame Line:115 - 控制台输出：正在处理第466/790张(每月首充奖励分组)
2025-11-19 17:14:30 INFO  com.ososx.tcg.officer.apps.cli.tpl.CliTplFrame Line:115 - 控制台输出：已忽略【每月首充奖励分组】
2025-11-19 17:14:30 INFO  com.ososx.tcg.officer.apps.cli.tpl.CliTplFrame Line:115 - 控制台输出：正在处理第467/790张(我的洞天福地)
2025-11-19 17:14:30 INFO  com.ososx.tcg.officer.apps.cli.tpl.CliTplFrame Line:115 - 控制台输出：我的洞天福地 阅读完毕;
2025-11-19 17:14:30 INFO  com.ososx.tcg.officer.apps.cli.tpl.CliTplFrame Line:115 - 控制台输出：正在处理第468/790张(掠夺)
2025-11-19 17:14:30 INFO  com.ososx.tcg.officer.apps.cli.tpl.CliTplFrame Line:115 - 控制台输出：掠夺 阅读完毕;
2025-11-19 17:14:30 INFO  com.ososx.tcg.officer.apps.cli.tpl.CliTplFrame Line:115 - 控制台输出：正在处理第469/790张(稀有道具掠夺概率)
2025-11-19 17:14:30 INFO  com.ososx.tcg.officer.apps.cli.tpl.CliTplFrame Line:115 - 控制台输出：已忽略【稀有道具掠夺概率】
2025-11-19 17:14:30 INFO  com.ososx.tcg.officer.apps.cli.tpl.CliTplFrame Line:115 - 控制台输出：正在处理第470/790张(活动预告)
2025-11-19 17:14:30 INFO  com.ososx.tcg.officer.apps.cli.tpl.CliTplFrame Line:115 - 控制台输出：活动预告 阅读完毕;
2025-11-19 17:14:30 INFO  com.ososx.tcg.officer.apps.cli.tpl.CliTplFrame Line:115 - 控制台输出：正在处理第471/790张(预告详情)
2025-11-19 17:14:30 INFO  com.ososx.tcg.officer.apps.cli.tpl.CliTplFrame Line:115 - 控制台输出：预告详情 阅读完毕;
2025-11-19 17:14:30 INFO  com.ososx.tcg.officer.apps.cli.tpl.CliTplFrame Line:115 - 控制台输出：正在处理第472/790张(海外游戏外礼包)
2025-11-19 17:14:30 INFO  com.ososx.tcg.officer.apps.cli.tpl.CliTplFrame Line:115 - 控制台输出：已忽略【海外游戏外礼包】
2025-11-19 17:14:30 INFO  com.ososx.tcg.officer.apps.cli.tpl.CliTplFrame Line:115 - 控制台输出：正在处理第473/790张(海外登录活动基础)
2025-11-19 17:14:30 INFO  com.ososx.tcg.officer.apps.cli.tpl.CliTplFrame Line:115 - 控制台输出：已忽略【海外登录活动基础】
2025-11-19 17:14:30 INFO  com.ososx.tcg.officer.apps.cli.tpl.CliTplFrame Line:115 - 控制台输出：正在处理第474/790张(海外登录奖励分组)
2025-11-19 17:14:30 INFO  com.ososx.tcg.officer.apps.cli.tpl.CliTplFrame Line:115 - 控制台输出：已忽略【海外登录奖励分组】
2025-11-19 17:14:30 INFO  com.ososx.tcg.officer.apps.cli.tpl.CliTplFrame Line:115 - 控制台输出：正在处理第475/790张(海外预约邮件)
2025-11-19 17:14:30 INFO  com.ososx.tcg.officer.apps.cli.tpl.CliTplFrame Line:115 - 控制台输出：已忽略【海外预约邮件】
2025-11-19 17:14:30 INFO  com.ososx.tcg.officer.apps.cli.tpl.CliTplFrame Line:115 - 控制台输出：正在处理第476/790张(基础物品)
2025-11-19 17:14:30 INFO  com.ososx.tcg.officer.apps.cli.tpl.CliTplFrame Line:115 - 控制台输出：基础物品 阅读完毕;
2025-11-19 17:14:30 INFO  com.ososx.tcg.officer.apps.cli.tpl.CliTplFrame Line:115 - 控制台输出：正在处理第477/790张(礼包)
2025-11-19 17:14:30 INFO  com.ososx.tcg.officer.apps.cli.tpl.CliTplFrame Line:115 - 控制台输出：礼包 阅读完毕;
2025-11-19 17:14:30 INFO  com.ososx.tcg.officer.apps.cli.tpl.CliTplFrame Line:115 - 控制台输出：正在处理第478/790张(碎片)
2025-11-19 17:14:30 INFO  com.ososx.tcg.officer.apps.cli.tpl.CliTplFrame Line:115 - 控制台输出：碎片 阅读完毕;
2025-11-19 17:14:30 INFO  com.ososx.tcg.officer.apps.cli.tpl.CliTplFrame Line:115 - 控制台输出：正在处理第479/790张(碎片合成)
2025-11-19 17:14:30 INFO  com.ososx.tcg.officer.apps.cli.tpl.CliTplFrame Line:115 - 控制台输出：已忽略【碎片合成】
2025-11-19 17:14:30 INFO  com.ososx.tcg.officer.apps.cli.tpl.CliTplFrame Line:115 - 控制台输出：正在处理第480/790张(物品碎片合成)
2025-11-19 17:14:30 INFO  com.ososx.tcg.officer.apps.cli.tpl.CliTplFrame Line:115 - 控制台输出：物品碎片合成 阅读完毕;
2025-11-19 17:14:30 INFO  com.ososx.tcg.officer.apps.cli.tpl.CliTplFrame Line:115 - 控制台输出：正在处理第481/790张(通用物品合成)
2025-11-19 17:14:30 INFO  com.ososx.tcg.officer.apps.cli.tpl.CliTplFrame Line:115 - 控制台输出：通用物品合成 阅读完毕;
2025-11-19 17:14:30 INFO  com.ososx.tcg.officer.apps.cli.tpl.CliTplFrame Line:115 - 控制台输出：正在处理第482/790张(头像框激活道具)
2025-11-19 17:14:30 INFO  com.ososx.tcg.officer.apps.cli.tpl.CliTplFrame Line:115 - 控制台输出：头像框激活道具 阅读完毕;
2025-11-19 17:14:30 INFO  com.ososx.tcg.officer.apps.cli.tpl.CliTplFrame Line:115 - 控制台输出：正在处理第483/790张(称号激活道具)
2025-11-19 17:14:30 INFO  com.ososx.tcg.officer.apps.cli.tpl.CliTplFrame Line:115 - 控制台输出：称号激活道具 阅读完毕;
2025-11-19 17:14:30 INFO  com.ososx.tcg.officer.apps.cli.tpl.CliTplFrame Line:115 - 控制台输出：正在处理第484/790张(皮肤激活道具)
2025-11-19 17:14:30 INFO  com.ososx.tcg.officer.apps.cli.tpl.CliTplFrame Line:115 - 控制台输出：皮肤激活道具 阅读完毕;
2025-11-19 17:14:30 INFO  com.ososx.tcg.officer.apps.cli.tpl.CliTplFrame Line:115 - 控制台输出：正在处理第485/790张(头像激活道具)
2025-11-19 17:14:30 INFO  com.ososx.tcg.officer.apps.cli.tpl.CliTplFrame Line:115 - 控制台输出：头像激活道具 阅读完毕;
2025-11-19 17:14:30 INFO  com.ososx.tcg.officer.apps.cli.tpl.CliTplFrame Line:115 - 控制台输出：正在处理第486/790张(挂机资源袋)
2025-11-19 17:14:30 INFO  com.ososx.tcg.officer.apps.cli.tpl.CliTplFrame Line:115 - 控制台输出：已忽略【挂机资源袋】
2025-11-19 17:14:30 INFO  com.ososx.tcg.officer.apps.cli.tpl.CliTplFrame Line:115 - 控制台输出：正在处理第487/790张(掉落配置)
2025-11-19 17:14:30 INFO  com.ososx.tcg.officer.apps.cli.tpl.CliTplFrame Line:115 - 控制台输出：已忽略【掉落配置】
2025-11-19 17:14:30 INFO  com.ososx.tcg.officer.apps.cli.tpl.CliTplFrame Line:115 - 控制台输出：正在处理第488/790张(升星道具)
2025-11-19 17:14:30 INFO  com.ososx.tcg.officer.apps.cli.tpl.CliTplFrame Line:115 - 控制台输出：升星道具 阅读完毕;
2025-11-19 17:14:30 INFO  com.ososx.tcg.officer.apps.cli.tpl.CliTplFrame Line:115 - 控制台输出：正在处理第489/790张(掉落配置 (2))
2025-11-19 17:14:30 INFO  com.ososx.tcg.officer.apps.cli.tpl.CliTplFrame Line:115 - 控制台输出：掉落配置 (2) 阅读完毕;
2025-11-19 17:14:30 INFO  com.ososx.tcg.officer.apps.cli.tpl.CliTplFrame Line:115 - 控制台输出：正在处理第490/790张(获取途径)
2025-11-19 17:14:30 INFO  com.ososx.tcg.officer.apps.cli.tpl.CliTplFrame Line:115 - 控制台输出：获取途径 阅读完毕;
2025-11-19 17:14:30 INFO  com.ososx.tcg.officer.apps.cli.tpl.CliTplFrame Line:115 - 控制台输出：正在处理第491/790张(使用途径)
2025-11-19 17:14:30 INFO  com.ososx.tcg.officer.apps.cli.tpl.CliTplFrame Line:115 - 控制台输出：使用途径 阅读完毕;
2025-11-19 17:14:30 INFO  com.ososx.tcg.officer.apps.cli.tpl.CliTplFrame Line:115 - 控制台输出：正在处理第492/790张(序列帧特效参数)
2025-11-19 17:14:30 INFO  com.ososx.tcg.officer.apps.cli.tpl.CliTplFrame Line:115 - 控制台输出：序列帧特效参数 阅读完毕;
2025-11-19 17:14:30 INFO  com.ososx.tcg.officer.apps.cli.tpl.CliTplFrame Line:115 - 控制台输出：正在处理第493/790张(Spine特效参数)
2025-11-19 17:14:30 INFO  com.ososx.tcg.officer.apps.cli.tpl.CliTplFrame Line:115 - 控制台输出：Spine特效参数 阅读完毕;
2025-11-19 17:14:30 INFO  com.ososx.tcg.officer.apps.cli.tpl.CliTplFrame Line:115 - 控制台输出：正在处理第494/790张(玲珑塔层数统计)
2025-11-19 17:14:30 INFO  com.ososx.tcg.officer.apps.cli.tpl.CliTplFrame Line:115 - 控制台输出：已忽略【玲珑塔层数统计】
2025-11-19 17:14:30 INFO  com.ososx.tcg.officer.apps.cli.tpl.CliTplFrame Line:115 - 控制台输出：正在处理第495/790张(拥有星级英雄)
2025-11-19 17:14:30 INFO  com.ososx.tcg.officer.apps.cli.tpl.CliTplFrame Line:115 - 控制台输出：已忽略【拥有星级英雄】
2025-11-19 17:14:30 INFO  com.ososx.tcg.officer.apps.cli.tpl.CliTplFrame Line:115 - 控制台输出：正在处理第496/790张(合成装备)
2025-11-19 17:14:30 INFO  com.ososx.tcg.officer.apps.cli.tpl.CliTplFrame Line:115 - 控制台输出：已忽略【合成装备】
2025-11-19 17:14:30 INFO  com.ososx.tcg.officer.apps.cli.tpl.CliTplFrame Line:115 - 控制台输出：正在处理第497/790张(图鉴上报)
2025-11-19 17:14:30 INFO  com.ososx.tcg.officer.apps.cli.tpl.CliTplFrame Line:115 - 控制台输出：已忽略【图鉴上报】
2025-11-19 17:14:30 INFO  com.ososx.tcg.officer.apps.cli.tpl.CliTplFrame Line:115 - 控制台输出：正在处理第498/790张(套装上报)
2025-11-19 17:14:30 INFO  com.ososx.tcg.officer.apps.cli.tpl.CliTplFrame Line:115 - 控制台输出：已忽略【套装上报】
2025-11-19 17:14:30 INFO  com.ososx.tcg.officer.apps.cli.tpl.CliTplFrame Line:115 - 控制台输出：正在处理第499/790张(狂欢七天乐奖励)
2025-11-19 17:14:30 INFO  com.ososx.tcg.officer.apps.cli.tpl.CliTplFrame Line:115 - 控制台输出：狂欢七天乐奖励 阅读完毕;
2025-11-19 17:14:30 INFO  com.ososx.tcg.officer.apps.cli.tpl.CliTplFrame Line:115 - 控制台输出：正在处理第500/790张(百抽基础)
2025-11-19 17:14:30 INFO  com.ososx.tcg.officer.apps.cli.tpl.CliTplFrame Line:115 - 控制台输出：百抽基础 阅读完毕;
2025-11-19 17:14:30 INFO  com.ososx.tcg.officer.apps.cli.tpl.CliTplFrame Line:115 - 控制台输出：正在处理第501/790张(百抽奖励任务)
2025-11-19 17:14:30 INFO  com.ososx.tcg.officer.apps.cli.tpl.CliTplFrame Line:115 - 控制台输出：百抽奖励任务 阅读完毕;
2025-11-19 17:14:30 INFO  com.ososx.tcg.officer.apps.cli.tpl.CliTplFrame Line:115 - 控制台输出：正在处理第502/790张(省市)
2025-11-19 17:14:30 INFO  com.ososx.tcg.officer.apps.cli.tpl.CliTplFrame Line:115 - 控制台输出：省市 阅读完毕;
2025-11-19 17:14:30 INFO  com.ososx.tcg.officer.apps.cli.tpl.CliTplFrame Line:115 - 控制台输出：正在处理第503/790张(地区)
2025-11-19 17:14:30 INFO  com.ososx.tcg.officer.apps.cli.tpl.CliTplFrame Line:115 - 控制台输出：地区 阅读完毕;
2025-11-19 17:14:30 INFO  com.ososx.tcg.officer.apps.cli.tpl.CliTplFrame Line:115 - 控制台输出：正在处理第504/790张(神器基础)
2025-11-19 17:14:30 INFO  com.ososx.tcg.officer.apps.cli.tpl.CliTplFrame Line:115 - 控制台输出：神器基础 阅读完毕;
2025-11-19 17:14:30 INFO  com.ososx.tcg.officer.apps.cli.tpl.CliTplFrame Line:115 - 控制台输出：正在处理第505/790张(神器技能)
2025-11-19 17:14:30 INFO  com.ososx.tcg.officer.apps.cli.tpl.CliTplFrame Line:115 - 控制台输出：神器技能 阅读完毕;
2025-11-19 17:14:30 INFO  com.ososx.tcg.officer.apps.cli.tpl.CliTplFrame Line:115 - 控制台输出：正在处理第506/790张(神器等级)
2025-11-19 17:14:30 INFO  com.ososx.tcg.officer.apps.cli.tpl.CliTplFrame Line:115 - 控制台输出：神器等级 阅读完毕;
2025-11-19 17:14:30 INFO  com.ososx.tcg.officer.apps.cli.tpl.CliTplFrame Line:115 - 控制台输出：正在处理第507/790张(神器精炼)
2025-11-19 17:14:30 INFO  com.ososx.tcg.officer.apps.cli.tpl.CliTplFrame Line:115 - 控制台输出：神器精炼 阅读完毕;
2025-11-19 17:14:30 INFO  com.ososx.tcg.officer.apps.cli.tpl.CliTplFrame Line:115 - 控制台输出：正在处理第508/790张(神器圣印)
2025-11-19 17:14:30 INFO  com.ososx.tcg.officer.apps.cli.tpl.CliTplFrame Line:115 - 控制台输出：神器圣印 阅读完毕;
2025-11-19 17:14:30 INFO  com.ososx.tcg.officer.apps.cli.tpl.CliTplFrame Line:115 - 控制台输出：正在处理第509/790张(神装)
2025-11-19 17:14:30 INFO  com.ososx.tcg.officer.apps.cli.tpl.CliTplFrame Line:115 - 控制台输出：神装 阅读完毕;
2025-11-19 17:14:30 INFO  com.ososx.tcg.officer.apps.cli.tpl.CliTplFrame Line:115 - 控制台输出：正在处理第510/790张(套装列表)
2025-11-19 17:14:30 INFO  com.ososx.tcg.officer.apps.cli.tpl.CliTplFrame Line:115 - 控制台输出：套装列表 阅读完毕;
2025-11-19 17:14:30 INFO  com.ososx.tcg.officer.apps.cli.tpl.CliTplFrame Line:115 - 控制台输出：正在处理第511/790张(神龙基础)
2025-11-19 17:14:30 INFO  com.ososx.tcg.officer.apps.cli.tpl.CliTplFrame Line:115 - 控制台输出：神龙基础 阅读完毕;
2025-11-19 17:14:30 INFO  com.ososx.tcg.officer.apps.cli.tpl.CliTplFrame Line:115 - 控制台输出：正在处理第512/790张(神龙召唤)
2025-11-19 17:14:30 INFO  com.ososx.tcg.officer.apps.cli.tpl.CliTplFrame Line:115 - 控制台输出：神龙召唤 阅读完毕;
2025-11-19 17:14:30 INFO  com.ososx.tcg.officer.apps.cli.tpl.CliTplFrame Line:115 - 控制台输出：正在处理第513/790张(神龙强化)
2025-11-19 17:14:30 INFO  com.ososx.tcg.officer.apps.cli.tpl.CliTplFrame Line:115 - 控制台输出：神龙强化 阅读完毕;
2025-11-19 17:14:30 INFO  com.ososx.tcg.officer.apps.cli.tpl.CliTplFrame Line:115 - 控制台输出：正在处理第514/790张(神龙图鉴)
2025-11-19 17:14:30 INFO  com.ososx.tcg.officer.apps.cli.tpl.CliTplFrame Line:115 - 控制台输出：神龙图鉴 阅读完毕;
2025-11-19 17:14:30 INFO  com.ososx.tcg.officer.apps.cli.tpl.CliTplFrame Line:115 - 控制台输出：正在处理第515/790张(御灵等级)
2025-11-19 17:14:30 INFO  com.ososx.tcg.officer.apps.cli.tpl.CliTplFrame Line:115 - 控制台输出：御灵等级 阅读完毕;
2025-11-19 17:14:30 INFO  com.ososx.tcg.officer.apps.cli.tpl.CliTplFrame Line:115 - 控制台输出：正在处理第516/790张(龙蛋合成)
2025-11-19 17:14:30 INFO  com.ososx.tcg.officer.apps.cli.tpl.CliTplFrame Line:115 - 控制台输出：龙蛋合成 阅读完毕;
2025-11-19 17:14:30 INFO  com.ososx.tcg.officer.apps.cli.tpl.CliTplFrame Line:115 - 控制台输出：正在处理第517/790张(神龙战令基础)
2025-11-19 17:14:30 INFO  com.ososx.tcg.officer.apps.cli.tpl.CliTplFrame Line:115 - 控制台输出：神龙战令基础 阅读完毕;
2025-11-19 17:14:30 INFO  com.ososx.tcg.officer.apps.cli.tpl.CliTplFrame Line:115 - 控制台输出：正在处理第518/790张(神龙战令积分奖励)
2025-11-19 17:14:30 INFO  com.ososx.tcg.officer.apps.cli.tpl.CliTplFrame Line:115 - 控制台输出：神龙战令积分奖励 阅读完毕;
2025-11-19 17:14:30 INFO  com.ososx.tcg.officer.apps.cli.tpl.CliTplFrame Line:115 - 控制台输出：正在处理第519/790张(神龙战令任务)
2025-11-19 17:14:30 INFO  com.ososx.tcg.officer.apps.cli.tpl.CliTplFrame Line:115 - 控制台输出：神龙战令任务 阅读完毕;
2025-11-19 17:14:30 INFO  com.ososx.tcg.officer.apps.cli.tpl.CliTplFrame Line:115 - 控制台输出：正在处理第520/790张(神龙技能控制)
2025-11-19 17:14:30 INFO  com.ososx.tcg.officer.apps.cli.tpl.CliTplFrame Line:115 - 控制台输出：神龙技能控制 阅读完毕;
2025-11-19 17:14:30 INFO  com.ososx.tcg.officer.apps.cli.tpl.CliTplFrame Line:115 - 控制台输出：正在处理第521/790张(私人定制基础)
2025-11-19 17:14:30 INFO  com.ososx.tcg.officer.apps.cli.tpl.CliTplFrame Line:115 - 控制台输出：私人定制基础 阅读完毕;
2025-11-19 17:14:30 INFO  com.ososx.tcg.officer.apps.cli.tpl.CliTplFrame Line:115 - 控制台输出：正在处理第522/790张(私人定制商品)
2025-11-19 17:14:30 INFO  com.ososx.tcg.officer.apps.cli.tpl.CliTplFrame Line:115 - 控制台输出：私人定制商品 阅读完毕;
2025-11-19 17:14:30 INFO  com.ososx.tcg.officer.apps.cli.tpl.CliTplFrame Line:115 - 控制台输出：正在处理第523/790张(私人定制奖励池)
2025-11-19 17:14:30 INFO  com.ososx.tcg.officer.apps.cli.tpl.CliTplFrame Line:115 - 控制台输出：私人定制奖励池 阅读完毕;
2025-11-19 17:14:30 INFO  com.ososx.tcg.officer.apps.cli.tpl.CliTplFrame Line:115 - 控制台输出：正在处理第524/790张(种族塔)
2025-11-19 17:14:30 INFO  com.ososx.tcg.officer.apps.cli.tpl.CliTplFrame Line:115 - 控制台输出：种族塔 阅读完毕;
2025-11-19 17:14:30 INFO  com.ososx.tcg.officer.apps.cli.tpl.CliTplFrame Line:115 - 控制台输出：正在处理第525/790张(人族塔)
2025-11-19 17:14:30 INFO  com.ososx.tcg.officer.apps.cli.tpl.CliTplFrame Line:115 - 控制台输出：人族塔 阅读完毕;
2025-11-19 17:14:30 INFO  com.ososx.tcg.officer.apps.cli.tpl.CliTplFrame Line:115 - 控制台输出：正在处理第526/790张(仙族塔)
2025-11-19 17:14:30 INFO  com.ososx.tcg.officer.apps.cli.tpl.CliTplFrame Line:115 - 控制台输出：仙族塔 阅读完毕;
2025-11-19 17:14:30 INFO  com.ososx.tcg.officer.apps.cli.tpl.CliTplFrame Line:115 - 控制台输出：正在处理第527/790张(妖族塔)
2025-11-19 17:14:30 INFO  com.ososx.tcg.officer.apps.cli.tpl.CliTplFrame Line:115 - 控制台输出：妖族塔 阅读完毕;
2025-11-19 17:14:30 INFO  com.ososx.tcg.officer.apps.cli.tpl.CliTplFrame Line:115 - 控制台输出：正在处理第528/790张(神族塔)
2025-11-19 17:14:30 INFO  com.ososx.tcg.officer.apps.cli.tpl.CliTplFrame Line:115 - 控制台输出：神族塔 阅读完毕;
2025-11-19 17:14:30 INFO  com.ososx.tcg.officer.apps.cli.tpl.CliTplFrame Line:115 - 控制台输出：正在处理第529/790张(魔族塔)
2025-11-19 17:14:30 INFO  com.ososx.tcg.officer.apps.cli.tpl.CliTplFrame Line:115 - 控制台输出：魔族塔 阅读完毕;
2025-11-19 17:14:30 INFO  com.ososx.tcg.officer.apps.cli.tpl.CliTplFrame Line:115 - 控制台输出：正在处理第530/790张(种族竞技基础配置)
2025-11-19 17:14:30 INFO  com.ososx.tcg.officer.apps.cli.tpl.CliTplFrame Line:115 - 控制台输出：种族竞技基础配置 阅读完毕;
2025-11-19 17:14:30 INFO  com.ososx.tcg.officer.apps.cli.tpl.CliTplFrame Line:115 - 控制台输出：正在处理第531/790张(种族竞技赛程)
2025-11-19 17:14:30 INFO  com.ososx.tcg.officer.apps.cli.tpl.CliTplFrame Line:115 - 控制台输出：种族竞技赛程 阅读完毕;
2025-11-19 17:14:30 INFO  com.ososx.tcg.officer.apps.cli.tpl.CliTplFrame Line:115 - 控制台输出：正在处理第532/790张(种族竞技预赛赛程)
2025-11-19 17:14:30 INFO  com.ososx.tcg.officer.apps.cli.tpl.CliTplFrame Line:115 - 控制台输出：种族竞技预赛赛程 阅读完毕;
2025-11-19 17:14:30 INFO  com.ososx.tcg.officer.apps.cli.tpl.CliTplFrame Line:115 - 控制台输出：正在处理第533/790张(种族竞技决赛赛程)
2025-11-19 17:14:30 INFO  com.ososx.tcg.officer.apps.cli.tpl.CliTplFrame Line:115 - 控制台输出：种族竞技决赛赛程 阅读完毕;
2025-11-19 17:14:30 INFO  com.ososx.tcg.officer.apps.cli.tpl.CliTplFrame Line:115 - 控制台输出：正在处理第534/790张(竞猜奖励)
2025-11-19 17:14:30 INFO  com.ososx.tcg.officer.apps.cli.tpl.CliTplFrame Line:115 - 控制台输出：竞猜奖励 阅读完毕;
2025-11-19 17:14:30 INFO  com.ososx.tcg.officer.apps.cli.tpl.CliTplFrame Line:115 - 控制台输出：正在处理第535/790张(决赛排名奖励)
2025-11-19 17:14:30 INFO  com.ososx.tcg.officer.apps.cli.tpl.CliTplFrame Line:115 - 控制台输出：决赛排名奖励 阅读完毕;
2025-11-19 17:14:30 INFO  com.ososx.tcg.officer.apps.cli.tpl.CliTplFrame Line:115 - 控制台输出：正在处理第536/790张(六界圣殿奖励分组)
2025-11-19 17:14:30 WARN  com.ososx.tcg.officer.apps.cli.tpl.CliTplCmd Line:163 - 表 六界圣殿奖励分组 第4行是空行
2025-11-19 17:14:30 WARN  com.ososx.tcg.officer.apps.cli.tpl.CliTplCmd Line:163 - 表 六界圣殿奖励分组 第5行是空行
2025-11-19 17:14:30 WARN  com.ososx.tcg.officer.apps.cli.tpl.CliTplCmd Line:163 - 表 六界圣殿奖励分组 第6行是空行
2025-11-19 17:14:30 INFO  com.ososx.tcg.officer.apps.cli.tpl.CliTplFrame Line:115 - 控制台输出：六界圣殿奖励分组 阅读完毕;
2025-11-19 17:14:30 INFO  com.ososx.tcg.officer.apps.cli.tpl.CliTplFrame Line:115 - 控制台输出：正在处理第537/790张(六界圣殿庆功消耗)
2025-11-19 17:14:30 INFO  com.ososx.tcg.officer.apps.cli.tpl.CliTplFrame Line:115 - 控制台输出：六界圣殿庆功消耗 阅读完毕;
2025-11-19 17:14:30 INFO  com.ososx.tcg.officer.apps.cli.tpl.CliTplFrame Line:115 - 控制台输出：正在处理第538/790张(六界圣殿奖池)
2025-11-19 17:14:30 INFO  com.ososx.tcg.officer.apps.cli.tpl.CliTplFrame Line:115 - 控制台输出：六界圣殿奖池 阅读完毕;
2025-11-19 17:14:30 INFO  com.ososx.tcg.officer.apps.cli.tpl.CliTplFrame Line:115 - 控制台输出：正在处理第539/790张(积天豪礼基础)
2025-11-19 17:14:30 INFO  com.ososx.tcg.officer.apps.cli.tpl.CliTplFrame Line:115 - 控制台输出：积天豪礼基础 阅读完毕;
2025-11-19 17:14:30 INFO  com.ososx.tcg.officer.apps.cli.tpl.CliTplFrame Line:115 - 控制台输出：正在处理第540/790张(积天豪礼奖励)
2025-11-19 17:14:30 WARN  com.ososx.tcg.officer.apps.cli.tpl.CliTplCmd Line:163 - 表 积天豪礼奖励 第17行是空行
2025-11-19 17:14:30 INFO  com.ososx.tcg.officer.apps.cli.tpl.CliTplFrame Line:115 - 控制台输出：积天豪礼奖励 阅读完毕;
2025-11-19 17:14:30 INFO  com.ososx.tcg.officer.apps.cli.tpl.CliTplFrame Line:115 - 控制台输出：正在处理第541/790张(竞技场机器人一方库)
2025-11-19 17:14:30 INFO  com.ososx.tcg.officer.apps.cli.tpl.CliTplFrame Line:115 - 控制台输出：已忽略【竞技场机器人一方库】
2025-11-19 17:14:30 INFO  com.ososx.tcg.officer.apps.cli.tpl.CliTplFrame Line:115 - 控制台输出：正在处理第542/790张(竞技场机器人主角库)
2025-11-19 17:14:30 INFO  com.ososx.tcg.officer.apps.cli.tpl.CliTplFrame Line:115 - 控制台输出：已忽略【竞技场机器人主角库】
2025-11-19 17:14:30 INFO  com.ososx.tcg.officer.apps.cli.tpl.CliTplFrame Line:115 - 控制台输出：正在处理第543/790张(竞技场每日奖励)
2025-11-19 17:14:30 INFO  com.ososx.tcg.officer.apps.cli.tpl.CliTplFrame Line:115 - 控制台输出：竞技场每日奖励 阅读完毕;
2025-11-19 17:14:30 INFO  com.ososx.tcg.officer.apps.cli.tpl.CliTplFrame Line:115 - 控制台输出：正在处理第544/790张(竞技场赛季奖励)
2025-11-19 17:14:30 INFO  com.ososx.tcg.officer.apps.cli.tpl.CliTplFrame Line:115 - 控制台输出：竞技场赛季奖励 阅读完毕;
2025-11-19 17:14:30 INFO  com.ososx.tcg.officer.apps.cli.tpl.CliTplFrame Line:115 - 控制台输出：正在处理第545/790张(竞技场每周宝箱)
2025-11-19 17:14:30 INFO  com.ososx.tcg.officer.apps.cli.tpl.CliTplFrame Line:115 - 控制台输出：竞技场每周宝箱 阅读完毕;
2025-11-19 17:14:30 INFO  com.ososx.tcg.officer.apps.cli.tpl.CliTplFrame Line:115 - 控制台输出：正在处理第546/790张(竞技场挑战奖励)
2025-11-19 17:14:30 INFO  com.ososx.tcg.officer.apps.cli.tpl.CliTplFrame Line:115 - 控制台输出：已忽略【竞技场挑战奖励】
2025-11-19 17:14:30 INFO  com.ososx.tcg.officer.apps.cli.tpl.CliTplFrame Line:115 - 控制台输出：正在处理第547/790张(端午龙舟活动基础)
2025-11-19 17:14:30 INFO  com.ososx.tcg.officer.apps.cli.tpl.CliTplFrame Line:115 - 控制台输出：端午龙舟活动基础 阅读完毕;
2025-11-19 17:14:30 INFO  com.ososx.tcg.officer.apps.cli.tpl.CliTplFrame Line:115 - 控制台输出：正在处理第548/790张(端午召唤类型)
2025-11-19 17:14:30 INFO  com.ososx.tcg.officer.apps.cli.tpl.CliTplFrame Line:115 - 控制台输出：端午召唤类型 阅读完毕;
2025-11-19 17:14:30 INFO  com.ososx.tcg.officer.apps.cli.tpl.CliTplFrame Line:115 - 控制台输出：正在处理第549/790张(粽子奖池)
2025-11-19 17:14:30 INFO  com.ososx.tcg.officer.apps.cli.tpl.CliTplFrame Line:115 - 控制台输出：粽子奖池 阅读完毕;
2025-11-19 17:14:30 INFO  com.ososx.tcg.officer.apps.cli.tpl.CliTplFrame Line:115 - 控制台输出：正在处理第550/790张(端午龙舟任务)
2025-11-19 17:14:30 INFO  com.ososx.tcg.officer.apps.cli.tpl.CliTplFrame Line:115 - 控制台输出：端午龙舟任务 阅读完毕;
2025-11-19 17:14:30 INFO  com.ososx.tcg.officer.apps.cli.tpl.CliTplFrame Line:115 - 控制台输出：正在处理第551/790张(端午龙舟礼包)
2025-11-19 17:14:30 INFO  com.ososx.tcg.officer.apps.cli.tpl.CliTplFrame Line:115 - 控制台输出：端午龙舟礼包 阅读完毕;
2025-11-19 17:14:30 INFO  com.ososx.tcg.officer.apps.cli.tpl.CliTplFrame Line:115 - 控制台输出：正在处理第552/790张(端午龙舟兑换)
2025-11-19 17:14:30 INFO  com.ososx.tcg.officer.apps.cli.tpl.CliTplFrame Line:115 - 控制台输出：端午龙舟兑换 阅读完毕;
2025-11-19 17:14:30 INFO  com.ososx.tcg.officer.apps.cli.tpl.CliTplFrame Line:115 - 控制台输出：正在处理第553/790张(符文属性)
2025-11-19 17:14:30 INFO  com.ososx.tcg.officer.apps.cli.tpl.CliTplFrame Line:115 - 控制台输出：符文属性 阅读完毕;
2025-11-19 17:14:30 INFO  com.ososx.tcg.officer.apps.cli.tpl.CliTplFrame Line:115 - 控制台输出：正在处理第554/790张(符文基础)
2025-11-19 17:14:30 WARN  com.ososx.tcg.officer.apps.cli.tpl.CliTplCmd Line:163 - 表 符文基础 第38行是空行
2025-11-19 17:14:30 WARN  com.ososx.tcg.officer.apps.cli.tpl.CliTplCmd Line:163 - 表 符文基础 第39行是空行
2025-11-19 17:14:30 WARN  com.ososx.tcg.officer.apps.cli.tpl.CliTplCmd Line:163 - 表 符文基础 第40行是空行
2025-11-19 17:14:30 WARN  com.ososx.tcg.officer.apps.cli.tpl.CliTplCmd Line:163 - 表 符文基础 第41行是空行
2025-11-19 17:14:30 WARN  com.ososx.tcg.officer.apps.cli.tpl.CliTplCmd Line:163 - 表 符文基础 第42行是空行
2025-11-19 17:14:30 WARN  com.ososx.tcg.officer.apps.cli.tpl.CliTplCmd Line:163 - 表 符文基础 第43行是空行
2025-11-19 17:14:30 WARN  com.ososx.tcg.officer.apps.cli.tpl.CliTplCmd Line:163 - 表 符文基础 第44行是空行
2025-11-19 17:14:30 WARN  com.ososx.tcg.officer.apps.cli.tpl.CliTplCmd Line:163 - 表 符文基础 第45行是空行
2025-11-19 17:14:30 WARN  com.ososx.tcg.officer.apps.cli.tpl.CliTplCmd Line:163 - 表 符文基础 第46行是空行
2025-11-19 17:14:30 WARN  com.ososx.tcg.officer.apps.cli.tpl.CliTplCmd Line:163 - 表 符文基础 第47行是空行
2025-11-19 17:14:30 WARN  com.ososx.tcg.officer.apps.cli.tpl.CliTplCmd Line:163 - 表 符文基础 第48行是空行
2025-11-19 17:14:30 WARN  com.ososx.tcg.officer.apps.cli.tpl.CliTplCmd Line:163 - 表 符文基础 第49行是空行
2025-11-19 17:14:30 WARN  com.ososx.tcg.officer.apps.cli.tpl.CliTplCmd Line:163 - 表 符文基础 第50行是空行
2025-11-19 17:14:30 WARN  com.ososx.tcg.officer.apps.cli.tpl.CliTplCmd Line:163 - 表 符文基础 第51行是空行
2025-11-19 17:14:30 WARN  com.ososx.tcg.officer.apps.cli.tpl.CliTplCmd Line:163 - 表 符文基础 第52行是空行
2025-11-19 17:14:30 WARN  com.ososx.tcg.officer.apps.cli.tpl.CliTplCmd Line:163 - 表 符文基础 第53行是空行
2025-11-19 17:14:30 WARN  com.ososx.tcg.officer.apps.cli.tpl.CliTplCmd Line:163 - 表 符文基础 第54行是空行
2025-11-19 17:14:30 WARN  com.ososx.tcg.officer.apps.cli.tpl.CliTplCmd Line:163 - 表 符文基础 第55行是空行
2025-11-19 17:14:30 WARN  com.ososx.tcg.officer.apps.cli.tpl.CliTplCmd Line:163 - 表 符文基础 第56行是空行
2025-11-19 17:14:30 WARN  com.ososx.tcg.officer.apps.cli.tpl.CliTplCmd Line:163 - 表 符文基础 第57行是空行
2025-11-19 17:14:30 WARN  com.ososx.tcg.officer.apps.cli.tpl.CliTplCmd Line:163 - 表 符文基础 第58行是空行
2025-11-19 17:14:30 WARN  com.ososx.tcg.officer.apps.cli.tpl.CliTplCmd Line:163 - 表 符文基础 第59行是空行
2025-11-19 17:14:30 WARN  com.ososx.tcg.officer.apps.cli.tpl.CliTplCmd Line:163 - 表 符文基础 第60行是空行
2025-11-19 17:14:30 WARN  com.ososx.tcg.officer.apps.cli.tpl.CliTplCmd Line:163 - 表 符文基础 第61行是空行
2025-11-19 17:14:30 WARN  com.ososx.tcg.officer.apps.cli.tpl.CliTplCmd Line:163 - 表 符文基础 第62行是空行
2025-11-19 17:14:30 WARN  com.ososx.tcg.officer.apps.cli.tpl.CliTplCmd Line:163 - 表 符文基础 第63行是空行
2025-11-19 17:14:30 WARN  com.ososx.tcg.officer.apps.cli.tpl.CliTplCmd Line:163 - 表 符文基础 第64行是空行
2025-11-19 17:14:30 WARN  com.ososx.tcg.officer.apps.cli.tpl.CliTplCmd Line:163 - 表 符文基础 第65行是空行
2025-11-19 17:14:30 WARN  com.ososx.tcg.officer.apps.cli.tpl.CliTplCmd Line:163 - 表 符文基础 第66行是空行
2025-11-19 17:14:30 WARN  com.ososx.tcg.officer.apps.cli.tpl.CliTplCmd Line:163 - 表 符文基础 第67行是空行
2025-11-19 17:14:30 WARN  com.ososx.tcg.officer.apps.cli.tpl.CliTplCmd Line:163 - 表 符文基础 第68行是空行
2025-11-19 17:14:30 WARN  com.ososx.tcg.officer.apps.cli.tpl.CliTplCmd Line:163 - 表 符文基础 第69行是空行
2025-11-19 17:14:30 WARN  com.ososx.tcg.officer.apps.cli.tpl.CliTplCmd Line:163 - 表 符文基础 第70行是空行
2025-11-19 17:14:30 INFO  com.ososx.tcg.officer.apps.cli.tpl.CliTplFrame Line:115 - 控制台输出：符文基础 阅读完毕;
2025-11-19 17:14:30 INFO  com.ososx.tcg.officer.apps.cli.tpl.CliTplFrame Line:115 - 控制台输出：正在处理第555/790张(符文技能特殊洗练)
2025-11-19 17:14:30 INFO  com.ososx.tcg.officer.apps.cli.tpl.CliTplFrame Line:115 - 控制台输出：符文技能特殊洗练 阅读完毕;
2025-11-19 17:14:30 INFO  com.ososx.tcg.officer.apps.cli.tpl.CliTplFrame Line:115 - 控制台输出：正在处理第556/790张(符文技能)
2025-11-19 17:14:30 INFO  com.ososx.tcg.officer.apps.cli.tpl.CliTplFrame Line:115 - 控制台输出：已忽略【符文技能】
2025-11-19 17:14:30 INFO  com.ososx.tcg.officer.apps.cli.tpl.CliTplFrame Line:115 - 控制台输出：正在处理第557/790张(符文技能评分)
2025-11-19 17:14:30 INFO  com.ososx.tcg.officer.apps.cli.tpl.CliTplFrame Line:115 - 控制台输出：符文技能评分 阅读完毕;
2025-11-19 17:14:30 INFO  com.ososx.tcg.officer.apps.cli.tpl.CliTplFrame Line:115 - 控制台输出：正在处理第558/790张(符文锻造)
2025-11-19 17:14:30 INFO  com.ososx.tcg.officer.apps.cli.tpl.CliTplFrame Line:115 - 控制台输出：符文锻造 阅读完毕;
2025-11-19 17:14:30 INFO  com.ososx.tcg.officer.apps.cli.tpl.CliTplFrame Line:115 - 控制台输出：正在处理第559/790张(自定义符文道具)
2025-11-19 17:14:30 INFO  com.ososx.tcg.officer.apps.cli.tpl.CliTplFrame Line:115 - 控制台输出：自定义符文道具 阅读完毕;
2025-11-19 17:14:30 INFO  com.ososx.tcg.officer.apps.cli.tpl.CliTplFrame Line:115 - 控制台输出：正在处理第560/790张(符文配置对照)
2025-11-19 17:14:30 INFO  com.ososx.tcg.officer.apps.cli.tpl.CliTplFrame Line:115 - 控制台输出：已忽略【符文配置对照】
2025-11-19 17:14:30 INFO  com.ososx.tcg.officer.apps.cli.tpl.CliTplFrame Line:115 - 控制台输出：正在处理第561/790张(符文周卡活动基础)
2025-11-19 17:14:30 INFO  com.ososx.tcg.officer.apps.cli.tpl.CliTplFrame Line:115 - 控制台输出：符文周卡活动基础 阅读完毕;
2025-11-19 17:14:30 INFO  com.ososx.tcg.officer.apps.cli.tpl.CliTplFrame Line:115 - 控制台输出：正在处理第562/790张(符文周卡详情)
2025-11-19 17:14:30 INFO  com.ososx.tcg.officer.apps.cli.tpl.CliTplFrame Line:115 - 控制台输出：符文周卡详情 阅读完毕;
2025-11-19 17:14:30 INFO  com.ososx.tcg.officer.apps.cli.tpl.CliTplFrame Line:115 - 控制台输出：正在处理第563/790张(每日签到)
2025-11-19 17:14:30 INFO  com.ososx.tcg.officer.apps.cli.tpl.CliTplFrame Line:115 - 控制台输出：每日签到 阅读完毕;
2025-11-19 17:14:30 INFO  com.ososx.tcg.officer.apps.cli.tpl.CliTplFrame Line:115 - 控制台输出：正在处理第564/790张(精英头像框)
2025-11-19 17:14:30 INFO  com.ososx.tcg.officer.apps.cli.tpl.CliTplFrame Line:115 - 控制台输出：精英头像框 阅读完毕;
2025-11-19 17:14:30 INFO  com.ososx.tcg.officer.apps.cli.tpl.CliTplFrame Line:115 - 控制台输出：正在处理第565/790张(精英头像框激活道具)
2025-11-19 17:14:30 INFO  com.ososx.tcg.officer.apps.cli.tpl.CliTplFrame Line:115 - 控制台输出：精英头像框激活道具 阅读完毕;
2025-11-19 17:14:30 INFO  com.ososx.tcg.officer.apps.cli.tpl.CliTplFrame Line:115 - 控制台输出：正在处理第566/790张(代码提示语言)
2025-11-19 17:14:30 INFO  com.ososx.tcg.officer.apps.cli.tpl.CliTplFrame Line:115 - 控制台输出：代码提示语言 阅读完毕;
2025-11-19 17:14:30 INFO  com.ososx.tcg.officer.apps.cli.tpl.CliTplFrame Line:115 - 控制台输出：正在处理第567/790张(系统公告)
2025-11-19 17:14:30 INFO  com.ososx.tcg.officer.apps.cli.tpl.CliTplFrame Line:115 - 控制台输出：系统公告 阅读完毕;
2025-11-19 17:14:30 INFO  com.ososx.tcg.officer.apps.cli.tpl.CliTplFrame Line:115 - 控制台输出：正在处理第568/790张(英雄对白)
2025-11-19 17:14:30 INFO  com.ososx.tcg.officer.apps.cli.tpl.CliTplFrame Line:115 - 控制台输出：已忽略【英雄对白】
2025-11-19 17:14:30 INFO  com.ososx.tcg.officer.apps.cli.tpl.CliTplFrame Line:115 - 控制台输出：正在处理第569/790张(邮件)
2025-11-19 17:14:30 INFO  com.ososx.tcg.officer.apps.cli.tpl.CliTplFrame Line:115 - 控制台输出：邮件 阅读完毕;
2025-11-19 17:14:30 INFO  com.ososx.tcg.officer.apps.cli.tpl.CliTplFrame Line:115 - 控制台输出：正在处理第570/790张(系统提示)
2025-11-19 17:14:30 INFO  com.ososx.tcg.officer.apps.cli.tpl.CliTplFrame Line:115 - 控制台输出：系统提示 阅读完毕;
2025-11-19 17:14:30 INFO  com.ososx.tcg.officer.apps.cli.tpl.CliTplFrame Line:115 - 控制台输出：正在处理第571/790张(公会日志)
2025-11-19 17:14:30 INFO  com.ososx.tcg.officer.apps.cli.tpl.CliTplFrame Line:115 - 控制台输出：公会日志 阅读完毕;
2025-11-19 17:14:30 INFO  com.ososx.tcg.officer.apps.cli.tpl.CliTplFrame Line:115 - 控制台输出：正在处理第572/790张(说明文本)
2025-11-19 17:14:30 INFO  com.ososx.tcg.officer.apps.cli.tpl.CliTplFrame Line:115 - 控制台输出：说明文本 阅读完毕;
2025-11-19 17:14:30 INFO  com.ososx.tcg.officer.apps.cli.tpl.CliTplFrame Line:115 - 控制台输出：正在处理第573/790张(VIP特权说明条目)
2025-11-19 17:14:30 INFO  com.ososx.tcg.officer.apps.cli.tpl.CliTplFrame Line:115 - 控制台输出：VIP特权说明条目 阅读完毕;
2025-11-19 17:14:30 INFO  com.ososx.tcg.officer.apps.cli.tpl.CliTplFrame Line:115 - 控制台输出：正在处理第574/790张(累计充值基础)
2025-11-19 17:14:30 INFO  com.ososx.tcg.officer.apps.cli.tpl.CliTplFrame Line:115 - 控制台输出：累计充值基础 阅读完毕;
2025-11-19 17:14:30 INFO  com.ososx.tcg.officer.apps.cli.tpl.CliTplFrame Line:115 - 控制台输出：正在处理第575/790张(累计充值奖励)
2025-11-19 17:14:30 INFO  com.ososx.tcg.officer.apps.cli.tpl.CliTplFrame Line:115 - 控制台输出：累计充值奖励 阅读完毕;
2025-11-19 17:14:30 INFO  com.ososx.tcg.officer.apps.cli.tpl.CliTplFrame Line:115 - 控制台输出：正在处理第576/790张(红包雨基础)
2025-11-19 17:14:30 INFO  com.ososx.tcg.officer.apps.cli.tpl.CliTplFrame Line:115 - 控制台输出：红包雨基础 阅读完毕;
2025-11-19 17:14:30 INFO  com.ososx.tcg.officer.apps.cli.tpl.CliTplFrame Line:115 - 控制台输出：正在处理第577/790张(组队冠军赛阶段)
2025-11-19 17:14:30 INFO  com.ososx.tcg.officer.apps.cli.tpl.CliTplFrame Line:115 - 控制台输出：已忽略【组队冠军赛阶段】
2025-11-19 17:14:30 INFO  com.ososx.tcg.officer.apps.cli.tpl.CliTplFrame Line:115 - 控制台输出：正在处理第578/790张(组队冠军赛淘汰赛轮次)
2025-11-19 17:14:30 INFO  com.ososx.tcg.officer.apps.cli.tpl.CliTplFrame Line:115 - 控制台输出：组队冠军赛淘汰赛轮次 阅读完毕;
2025-11-19 17:14:30 INFO  com.ososx.tcg.officer.apps.cli.tpl.CliTplFrame Line:115 - 控制台输出：正在处理第579/790张(组队冠军赛排行榜奖励)
2025-11-19 17:14:30 INFO  com.ososx.tcg.officer.apps.cli.tpl.CliTplFrame Line:115 - 控制台输出：组队冠军赛排行榜奖励 阅读完毕;
2025-11-19 17:14:30 INFO  com.ososx.tcg.officer.apps.cli.tpl.CliTplFrame Line:115 - 控制台输出：正在处理第580/790张(组队冠军赛赔率)
2025-11-19 17:14:30 INFO  com.ososx.tcg.officer.apps.cli.tpl.CliTplFrame Line:115 - 控制台输出：组队冠军赛赔率 阅读完毕;
2025-11-19 17:14:30 INFO  com.ososx.tcg.officer.apps.cli.tpl.CliTplFrame Line:115 - 控制台输出：正在处理第581/790张(真英雄羁绊)
2025-11-19 17:14:30 INFO  com.ososx.tcg.officer.apps.cli.tpl.CliTplFrame Line:115 - 控制台输出：真英雄羁绊 阅读完毕;
2025-11-19 17:14:30 INFO  com.ososx.tcg.officer.apps.cli.tpl.CliTplFrame Line:115 - 控制台输出：正在处理第582/790张(获得英雄奖励)
2025-11-19 17:14:30 INFO  com.ososx.tcg.officer.apps.cli.tpl.CliTplFrame Line:115 - 控制台输出：获得英雄奖励 阅读完毕;
2025-11-19 17:14:30 INFO  com.ososx.tcg.officer.apps.cli.tpl.CliTplFrame Line:115 - 控制台输出：正在处理第583/790张(皮肤羁绊)
2025-11-19 17:14:30 INFO  com.ososx.tcg.officer.apps.cli.tpl.CliTplFrame Line:115 - 控制台输出：已忽略【皮肤羁绊】
2025-11-19 17:14:30 INFO  com.ososx.tcg.officer.apps.cli.tpl.CliTplFrame Line:115 - 控制台输出：正在处理第584/790张(原型对应羁绊组)
2025-11-19 17:14:30 WARN  com.ososx.tcg.officer.apps.cli.tpl.CliTplCmd Line:163 - 表 原型对应羁绊组 第66行是空行
2025-11-19 17:14:30 WARN  com.ososx.tcg.officer.apps.cli.tpl.CliTplCmd Line:163 - 表 原型对应羁绊组 第69行是空行
2025-11-19 17:14:30 WARN  com.ososx.tcg.officer.apps.cli.tpl.CliTplCmd Line:163 - 表 原型对应羁绊组 第74行是空行
2025-11-19 17:14:30 INFO  com.ososx.tcg.officer.apps.cli.tpl.CliTplFrame Line:115 - 控制台输出：原型对应羁绊组 阅读完毕;
2025-11-19 17:14:30 INFO  com.ososx.tcg.officer.apps.cli.tpl.CliTplFrame Line:115 - 控制台输出：正在处理第585/790张(羁绊组)
2025-11-19 17:14:30 WARN  com.ososx.tcg.officer.apps.cli.tpl.CliTplCmd Line:163 - 表 羁绊组 第21行是空行
2025-11-19 17:14:30 WARN  com.ososx.tcg.officer.apps.cli.tpl.CliTplCmd Line:163 - 表 羁绊组 第22行是空行
2025-11-19 17:14:30 WARN  com.ososx.tcg.officer.apps.cli.tpl.CliTplCmd Line:163 - 表 羁绊组 第23行是空行
2025-11-19 17:14:30 WARN  com.ososx.tcg.officer.apps.cli.tpl.CliTplCmd Line:163 - 表 羁绊组 第24行是空行
2025-11-19 17:14:30 INFO  com.ososx.tcg.officer.apps.cli.tpl.CliTplFrame Line:115 - 控制台输出：羁绊组 阅读完毕;
2025-11-19 17:14:30 INFO  com.ososx.tcg.officer.apps.cli.tpl.CliTplFrame Line:115 - 控制台输出：正在处理第586/790张(聊天频道基础)
2025-11-19 17:14:30 INFO  com.ososx.tcg.officer.apps.cli.tpl.CliTplFrame Line:115 - 控制台输出：已忽略【聊天频道基础】
2025-11-19 17:14:30 INFO  com.ososx.tcg.officer.apps.cli.tpl.CliTplFrame Line:115 - 控制台输出：正在处理第587/790张(聊天频道等级)
2025-11-19 17:14:30 INFO  com.ososx.tcg.officer.apps.cli.tpl.CliTplFrame Line:115 - 控制台输出：聊天频道等级 阅读完毕;
2025-11-19 17:14:30 INFO  com.ososx.tcg.officer.apps.cli.tpl.CliTplFrame Line:115 - 控制台输出：正在处理第588/790张(聊天标签)
2025-11-19 17:14:30 INFO  com.ososx.tcg.officer.apps.cli.tpl.CliTplFrame Line:115 - 控制台输出：聊天标签 阅读完毕;
2025-11-19 17:14:30 INFO  com.ososx.tcg.officer.apps.cli.tpl.CliTplFrame Line:115 - 控制台输出：正在处理第589/790张(聊天标签激活道具)
2025-11-19 17:14:30 INFO  com.ososx.tcg.officer.apps.cli.tpl.CliTplFrame Line:115 - 控制台输出：聊天标签激活道具 阅读完毕;
2025-11-19 17:14:30 INFO  com.ososx.tcg.officer.apps.cli.tpl.CliTplFrame Line:115 - 控制台输出：正在处理第590/790张(职业仙器基础)
2025-11-19 17:14:30 INFO  com.ososx.tcg.officer.apps.cli.tpl.CliTplFrame Line:115 - 控制台输出：职业仙器基础 阅读完毕;
2025-11-19 17:14:30 INFO  com.ososx.tcg.officer.apps.cli.tpl.CliTplFrame Line:115 - 控制台输出：正在处理第591/790张(职业仙器栏位)
2025-11-19 17:14:30 INFO  com.ososx.tcg.officer.apps.cli.tpl.CliTplFrame Line:115 - 控制台输出：职业仙器栏位 阅读完毕;
2025-11-19 17:14:30 INFO  com.ososx.tcg.officer.apps.cli.tpl.CliTplFrame Line:115 - 控制台输出：正在处理第592/790张(职业仙器技能评分)
2025-11-19 17:14:30 WARN  com.ososx.tcg.officer.apps.cli.tpl.CliTplCmd Line:163 - 表 职业仙器技能评分 第45行是空行
2025-11-19 17:14:30 INFO  com.ososx.tcg.officer.apps.cli.tpl.CliTplFrame Line:115 - 控制台输出：职业仙器技能评分 阅读完毕;
2025-11-19 17:14:30 INFO  com.ososx.tcg.officer.apps.cli.tpl.CliTplFrame Line:115 - 控制台输出：正在处理第593/790张(自然日登录基础)
2025-11-19 17:14:30 INFO  com.ososx.tcg.officer.apps.cli.tpl.CliTplFrame Line:115 - 控制台输出：自然日登录基础 阅读完毕;
2025-11-19 17:14:30 INFO  com.ososx.tcg.officer.apps.cli.tpl.CliTplFrame Line:115 - 控制台输出：正在处理第594/790张(自然日登录奖励)
2025-11-19 17:14:30 WARN  com.ososx.tcg.officer.apps.cli.tpl.CliTplCmd Line:163 - 表 自然日登录奖励 第37行是空行
2025-11-19 17:14:30 INFO  com.ososx.tcg.officer.apps.cli.tpl.CliTplFrame Line:115 - 控制台输出：自然日登录奖励 阅读完毕;
2025-11-19 17:14:30 INFO  com.ososx.tcg.officer.apps.cli.tpl.CliTplFrame Line:115 - 控制台输出：正在处理第595/790张(芬芳赠礼活动基础)
2025-11-19 17:14:30 INFO  com.ososx.tcg.officer.apps.cli.tpl.CliTplFrame Line:115 - 控制台输出：芬芳赠礼活动基础 阅读完毕;
2025-11-19 17:14:30 INFO  com.ososx.tcg.officer.apps.cli.tpl.CliTplFrame Line:115 - 控制台输出：正在处理第596/790张(芬芳赠礼登陆好礼)
2025-11-19 17:14:30 INFO  com.ososx.tcg.officer.apps.cli.tpl.CliTplFrame Line:115 - 控制台输出：芬芳赠礼登陆好礼 阅读完毕;
2025-11-19 17:14:30 INFO  com.ososx.tcg.officer.apps.cli.tpl.CliTplFrame Line:115 - 控制台输出：正在处理第597/790张(芬芳赠礼掉落)
2025-11-19 17:14:30 INFO  com.ososx.tcg.officer.apps.cli.tpl.CliTplFrame Line:115 - 控制台输出：芬芳赠礼掉落 阅读完毕;
2025-11-19 17:14:30 INFO  com.ososx.tcg.officer.apps.cli.tpl.CliTplFrame Line:115 - 控制台输出：正在处理第598/790张(芬芳赠礼礼包)
2025-11-19 17:14:30 INFO  com.ososx.tcg.officer.apps.cli.tpl.CliTplFrame Line:115 - 控制台输出：芬芳赠礼礼包 阅读完毕;
2025-11-19 17:14:30 INFO  com.ososx.tcg.officer.apps.cli.tpl.CliTplFrame Line:115 - 控制台输出：正在处理第599/790张(芬芳赠礼鲜花排行)
2025-11-19 17:14:30 INFO  com.ososx.tcg.officer.apps.cli.tpl.CliTplFrame Line:115 - 控制台输出：芬芳赠礼鲜花排行 阅读完毕;
2025-11-19 17:14:30 INFO  com.ososx.tcg.officer.apps.cli.tpl.CliTplFrame Line:115 - 控制台输出：正在处理第600/790张(英雄基础)
2025-11-19 17:14:30 WARN  com.ososx.tcg.officer.apps.cli.tpl.CliTplCmd Line:163 - 表 英雄基础 第5647行是空行
2025-11-19 17:14:30 WARN  com.ososx.tcg.officer.apps.cli.tpl.CliTplCmd Line:163 - 表 英雄基础 第5648行是空行
2025-11-19 17:14:30 WARN  com.ososx.tcg.officer.apps.cli.tpl.CliTplCmd Line:163 - 表 英雄基础 第5649行是空行
2025-11-19 17:14:30 WARN  com.ososx.tcg.officer.apps.cli.tpl.CliTplCmd Line:163 - 表 英雄基础 第5696行是空行
2025-11-19 17:14:30 WARN  com.ososx.tcg.officer.apps.cli.tpl.CliTplCmd Line:163 - 表 英雄基础 第5744行是空行
2025-11-19 17:14:30 WARN  com.ososx.tcg.officer.apps.cli.tpl.CliTplCmd Line:163 - 表 英雄基础 第5745行是空行
2025-11-19 17:14:30 WARN  com.ososx.tcg.officer.apps.cli.tpl.CliTplCmd Line:163 - 表 英雄基础 第5792行是空行
2025-11-19 17:14:30 WARN  com.ososx.tcg.officer.apps.cli.tpl.CliTplCmd Line:163 - 表 英雄基础 第5793行是空行
2025-11-19 17:14:30 INFO  com.ososx.tcg.officer.apps.cli.tpl.CliTplFrame Line:115 - 控制台输出：英雄基础 阅读完毕;
2025-11-19 17:14:30 INFO  com.ososx.tcg.officer.apps.cli.tpl.CliTplFrame Line:115 - 控制台输出：正在处理第601/790张(英雄升级)
2025-11-19 17:14:30 INFO  com.ososx.tcg.officer.apps.cli.tpl.CliTplFrame Line:115 - 控制台输出：英雄升级 阅读完毕;
2025-11-19 17:14:30 INFO  com.ososx.tcg.officer.apps.cli.tpl.CliTplFrame Line:115 - 控制台输出：正在处理第602/790张(英雄进阶)
2025-11-19 17:14:30 INFO  com.ososx.tcg.officer.apps.cli.tpl.CliTplFrame Line:115 - 控制台输出：英雄进阶 阅读完毕;
2025-11-19 17:14:30 INFO  com.ososx.tcg.officer.apps.cli.tpl.CliTplFrame Line:115 - 控制台输出：正在处理第603/790张(英雄高阶升星)
2025-11-19 17:14:30 WARN  com.ososx.tcg.officer.apps.cli.tpl.CliTplCmd Line:163 - 表 英雄高阶升星 第314行是空行
2025-11-19 17:14:30 WARN  com.ososx.tcg.officer.apps.cli.tpl.CliTplCmd Line:163 - 表 英雄高阶升星 第319行是空行
2025-11-19 17:14:30 WARN  com.ososx.tcg.officer.apps.cli.tpl.CliTplCmd Line:163 - 表 英雄高阶升星 第324行是空行
2025-11-19 17:14:30 WARN  com.ososx.tcg.officer.apps.cli.tpl.CliTplCmd Line:163 - 表 英雄高阶升星 第329行是空行
2025-11-19 17:14:30 INFO  com.ososx.tcg.officer.apps.cli.tpl.CliTplFrame Line:115 - 控制台输出：英雄高阶升星 阅读完毕;
2025-11-19 17:14:30 INFO  com.ososx.tcg.officer.apps.cli.tpl.CliTplFrame Line:115 - 控制台输出：正在处理第604/790张(英雄技能)
2025-11-19 17:14:31 WARN  com.ososx.tcg.officer.apps.cli.tpl.CliTplCmd Line:163 - 表 英雄技能 第5163行是空行
2025-11-19 17:14:31 WARN  com.ososx.tcg.officer.apps.cli.tpl.CliTplCmd Line:163 - 表 英雄技能 第5210行是空行
2025-11-19 17:14:31 WARN  com.ososx.tcg.officer.apps.cli.tpl.CliTplCmd Line:163 - 表 英雄技能 第5232行是空行
2025-11-19 17:14:31 WARN  com.ososx.tcg.officer.apps.cli.tpl.CliTplCmd Line:163 - 表 英雄技能 第5233行是空行
2025-11-19 17:14:31 WARN  com.ososx.tcg.officer.apps.cli.tpl.CliTplCmd Line:163 - 表 英雄技能 第5234行是空行
2025-11-19 17:14:31 WARN  com.ososx.tcg.officer.apps.cli.tpl.CliTplCmd Line:163 - 表 英雄技能 第5235行是空行
2025-11-19 17:14:31 WARN  com.ososx.tcg.officer.apps.cli.tpl.CliTplCmd Line:163 - 表 英雄技能 第5280行是空行
2025-11-19 17:14:31 WARN  com.ososx.tcg.officer.apps.cli.tpl.CliTplCmd Line:163 - 表 英雄技能 第5281行是空行
2025-11-19 17:14:31 WARN  com.ososx.tcg.officer.apps.cli.tpl.CliTplCmd Line:163 - 表 英雄技能 第5425行是空行
2025-11-19 17:14:31 WARN  com.ososx.tcg.officer.apps.cli.tpl.CliTplCmd Line:163 - 表 英雄技能 第5426行是空行
2025-11-19 17:14:31 INFO  com.ososx.tcg.officer.apps.cli.tpl.CliTplFrame Line:115 - 控制台输出：英雄技能 阅读完毕;
2025-11-19 17:14:31 INFO  com.ososx.tcg.officer.apps.cli.tpl.CliTplFrame Line:115 - 控制台输出：正在处理第605/790张(英雄模型参数)
2025-11-19 17:14:31 INFO  com.ososx.tcg.officer.apps.cli.tpl.CliTplFrame Line:115 - 控制台输出：英雄模型参数 阅读完毕;
2025-11-19 17:14:31 INFO  com.ososx.tcg.officer.apps.cli.tpl.CliTplFrame Line:115 - 控制台输出：正在处理第606/790张(英雄天赋)
2025-11-19 17:14:31 INFO  com.ososx.tcg.officer.apps.cli.tpl.CliTplFrame Line:115 - 控制台输出：英雄天赋 阅读完毕;
2025-11-19 17:14:31 INFO  com.ososx.tcg.officer.apps.cli.tpl.CliTplFrame Line:115 - 控制台输出：正在处理第607/790张(Chart1)
2025-11-19 17:14:31 INFO  com.ososx.tcg.officer.apps.cli.tpl.CliTplFrame Line:115 - 控制台输出：第一行为空的表是:Chart1
2025-11-19 17:14:31 INFO  com.ososx.tcg.officer.apps.cli.tpl.CliTplFrame Line:115 - 控制台输出：正在处理第608/790张(升星限制)
2025-11-19 17:14:31 INFO  com.ososx.tcg.officer.apps.cli.tpl.CliTplFrame Line:115 - 控制台输出：已忽略【升星限制】
2025-11-19 17:14:31 INFO  com.ososx.tcg.officer.apps.cli.tpl.CliTplFrame Line:115 - 控制台输出：正在处理第609/790张(英雄变强)
2025-11-19 17:14:31 INFO  com.ososx.tcg.officer.apps.cli.tpl.CliTplFrame Line:115 - 控制台输出：英雄变强 阅读完毕;
2025-11-19 17:14:31 INFO  com.ososx.tcg.officer.apps.cli.tpl.CliTplFrame Line:115 - 控制台输出：正在处理第610/790张(资源获取)
2025-11-19 17:14:31 INFO  com.ososx.tcg.officer.apps.cli.tpl.CliTplFrame Line:115 - 控制台输出：资源获取 阅读完毕;
2025-11-19 17:14:31 INFO  com.ososx.tcg.officer.apps.cli.tpl.CliTplFrame Line:115 - 控制台输出：正在处理第611/790张(英雄召唤)
2025-11-19 17:14:31 INFO  com.ososx.tcg.officer.apps.cli.tpl.CliTplFrame Line:115 - 控制台输出：英雄召唤 阅读完毕;
2025-11-19 17:14:31 INFO  com.ososx.tcg.officer.apps.cli.tpl.CliTplFrame Line:115 - 控制台输出：正在处理第612/790张(英雄召唤星组)
2025-11-19 17:14:31 INFO  com.ososx.tcg.officer.apps.cli.tpl.CliTplFrame Line:115 - 控制台输出：英雄召唤星组 阅读完毕;
2025-11-19 17:14:31 INFO  com.ososx.tcg.officer.apps.cli.tpl.CliTplFrame Line:115 - 控制台输出：正在处理第613/790张(英雄召唤作弊)
2025-11-19 17:14:31 INFO  com.ososx.tcg.officer.apps.cli.tpl.CliTplFrame Line:115 - 控制台输出：已忽略【英雄召唤作弊】
2025-11-19 17:14:31 INFO  com.ososx.tcg.officer.apps.cli.tpl.CliTplFrame Line:115 - 控制台输出：正在处理第614/790张(英雄回退消耗)
2025-11-19 17:14:31 INFO  com.ososx.tcg.officer.apps.cli.tpl.CliTplFrame Line:115 - 控制台输出：英雄回退消耗 阅读完毕;
2025-11-19 17:14:31 INFO  com.ososx.tcg.officer.apps.cli.tpl.CliTplFrame Line:115 - 控制台输出：正在处理第615/790张(英雄回退星级奖励)
2025-11-19 17:14:31 INFO  com.ososx.tcg.officer.apps.cli.tpl.CliTplFrame Line:115 - 控制台输出：英雄回退星级奖励 阅读完毕;
2025-11-19 17:14:31 INFO  com.ososx.tcg.officer.apps.cli.tpl.CliTplFrame Line:115 - 控制台输出：正在处理第616/790张(英雄高阶回退星级奖励)
2025-11-19 17:14:31 INFO  com.ososx.tcg.officer.apps.cli.tpl.CliTplFrame Line:115 - 控制台输出：英雄高阶回退星级奖励 阅读完毕;
2025-11-19 17:14:31 INFO  com.ososx.tcg.officer.apps.cli.tpl.CliTplFrame Line:115 - 控制台输出：正在处理第617/790张(英雄回退等级奖励)
2025-11-19 17:14:31 INFO  com.ososx.tcg.officer.apps.cli.tpl.CliTplFrame Line:115 - 控制台输出：英雄回退等级奖励 阅读完毕;
2025-11-19 17:14:31 INFO  com.ososx.tcg.officer.apps.cli.tpl.CliTplFrame Line:115 - 控制台输出：正在处理第618/790张(英雄回退阶数奖励)
2025-11-19 17:14:31 INFO  com.ososx.tcg.officer.apps.cli.tpl.CliTplFrame Line:115 - 控制台输出：英雄回退阶数奖励 阅读完毕;
2025-11-19 17:14:31 INFO  com.ososx.tcg.officer.apps.cli.tpl.CliTplFrame Line:115 - 控制台输出：正在处理第619/790张(英雄材料回退数量)
2025-11-19 17:14:31 INFO  com.ososx.tcg.officer.apps.cli.tpl.CliTplFrame Line:115 - 控制台输出：英雄材料回退数量 阅读完毕;
2025-11-19 17:14:31 INFO  com.ososx.tcg.officer.apps.cli.tpl.CliTplFrame Line:115 - 控制台输出：正在处理第620/790张(英雄共享基础)
2025-11-19 17:14:31 INFO  com.ososx.tcg.officer.apps.cli.tpl.CliTplFrame Line:115 - 控制台输出：英雄共享基础 阅读完毕;
2025-11-19 17:14:31 INFO  com.ososx.tcg.officer.apps.cli.tpl.CliTplFrame Line:115 - 控制台输出：正在处理第621/790张(英雄共享二段升级)
2025-11-19 17:14:31 INFO  com.ososx.tcg.officer.apps.cli.tpl.CliTplFrame Line:115 - 控制台输出：英雄共享二段升级 阅读完毕;
2025-11-19 17:14:31 INFO  com.ososx.tcg.officer.apps.cli.tpl.CliTplFrame Line:115 - 控制台输出：正在处理第622/790张(英雄共享解锁花费)
2025-11-19 17:14:31 INFO  com.ososx.tcg.officer.apps.cli.tpl.CliTplFrame Line:115 - 控制台输出：英雄共享解锁花费 阅读完毕;
2025-11-19 17:14:31 INFO  com.ososx.tcg.officer.apps.cli.tpl.CliTplFrame Line:115 - 控制台输出：正在处理第623/790张(英雄献祭等级)
2025-11-19 17:14:31 INFO  com.ososx.tcg.officer.apps.cli.tpl.CliTplFrame Line:115 - 控制台输出：英雄献祭等级 阅读完毕;
2025-11-19 17:14:31 INFO  com.ososx.tcg.officer.apps.cli.tpl.CliTplFrame Line:115 - 控制台输出：正在处理第624/790张(英雄献祭升阶)
2025-11-19 17:14:31 INFO  com.ososx.tcg.officer.apps.cli.tpl.CliTplFrame Line:115 - 控制台输出：英雄献祭升阶 阅读完毕;
2025-11-19 17:14:31 INFO  com.ososx.tcg.officer.apps.cli.tpl.CliTplFrame Line:115 - 控制台输出：正在处理第625/790张(英雄献祭星级)
2025-11-19 17:14:31 INFO  com.ososx.tcg.officer.apps.cli.tpl.CliTplFrame Line:115 - 控制台输出：英雄献祭星级 阅读完毕;
2025-11-19 17:14:31 INFO  com.ososx.tcg.officer.apps.cli.tpl.CliTplFrame Line:115 - 控制台输出：正在处理第626/790张(英雄高阶献祭星级)
2025-11-19 17:14:31 INFO  com.ososx.tcg.officer.apps.cli.tpl.CliTplFrame Line:115 - 控制台输出：英雄高阶献祭星级 阅读完毕;
2025-11-19 17:14:31 INFO  com.ososx.tcg.officer.apps.cli.tpl.CliTplFrame Line:115 - 控制台输出：正在处理第627/790张(英雄祈愿基础)
2025-11-19 17:14:31 INFO  com.ososx.tcg.officer.apps.cli.tpl.CliTplFrame Line:115 - 控制台输出：英雄祈愿基础 阅读完毕;
2025-11-19 17:14:31 INFO  com.ososx.tcg.officer.apps.cli.tpl.CliTplFrame Line:115 - 控制台输出：正在处理第628/790张(英雄祈愿召唤方式)
2025-11-19 17:14:31 INFO  com.ososx.tcg.officer.apps.cli.tpl.CliTplFrame Line:115 - 控制台输出：英雄祈愿召唤方式 阅读完毕;
2025-11-19 17:14:31 INFO  com.ososx.tcg.officer.apps.cli.tpl.CliTplFrame Line:115 - 控制台输出：正在处理第629/790张(英雄祈愿心仪英雄)
2025-11-19 17:14:31 INFO  com.ososx.tcg.officer.apps.cli.tpl.CliTplFrame Line:115 - 控制台输出：英雄祈愿心仪英雄 阅读完毕;
2025-11-19 17:14:31 INFO  com.ososx.tcg.officer.apps.cli.tpl.CliTplFrame Line:115 - 控制台输出：正在处理第630/790张(英雄祈愿召唤奖励)
2025-11-19 17:14:31 INFO  com.ososx.tcg.officer.apps.cli.tpl.CliTplFrame Line:115 - 控制台输出：英雄祈愿召唤奖励 阅读完毕;
2025-11-19 17:14:31 INFO  com.ososx.tcg.officer.apps.cli.tpl.CliTplFrame Line:115 - 控制台输出：正在处理第631/790张(英雄继承时间)
2025-11-19 17:14:31 INFO  com.ososx.tcg.officer.apps.cli.tpl.CliTplFrame Line:115 - 控制台输出：英雄继承时间 阅读完毕;
2025-11-19 17:14:31 INFO  com.ososx.tcg.officer.apps.cli.tpl.CliTplFrame Line:115 - 控制台输出：正在处理第632/790张(英雄继承种族)
2025-11-19 17:14:31 INFO  com.ososx.tcg.officer.apps.cli.tpl.CliTplFrame Line:115 - 控制台输出：英雄继承种族 阅读完毕;
2025-11-19 17:14:31 INFO  com.ososx.tcg.officer.apps.cli.tpl.CliTplFrame Line:115 - 控制台输出：正在处理第633/790张(英雄继承材料消耗)
2025-11-19 17:14:31 INFO  com.ososx.tcg.officer.apps.cli.tpl.CliTplFrame Line:115 - 控制台输出：英雄继承材料消耗 阅读完毕;
2025-11-19 17:14:31 INFO  com.ososx.tcg.officer.apps.cli.tpl.CliTplFrame Line:115 - 控制台输出：正在处理第634/790张(英雄继承规则)
2025-11-19 17:14:31 INFO  com.ososx.tcg.officer.apps.cli.tpl.CliTplFrame Line:115 - 控制台输出：英雄继承规则 阅读完毕;
2025-11-19 17:14:31 INFO  com.ososx.tcg.officer.apps.cli.tpl.CliTplFrame Line:115 - 控制台输出：正在处理第635/790张(英雄星级返还规则)
2025-11-19 17:14:31 INFO  com.ososx.tcg.officer.apps.cli.tpl.CliTplFrame Line:115 - 控制台输出：英雄星级返还规则 阅读完毕;
2025-11-19 17:14:31 INFO  com.ososx.tcg.officer.apps.cli.tpl.CliTplFrame Line:115 - 控制台输出：正在处理第636/790张(英雄天赋返还)
2025-11-19 17:14:31 INFO  com.ososx.tcg.officer.apps.cli.tpl.CliTplFrame Line:115 - 控制台输出：英雄天赋返还 阅读完毕;
2025-11-19 17:14:31 INFO  com.ososx.tcg.officer.apps.cli.tpl.CliTplFrame Line:115 - 控制台输出：正在处理第637/790张(英雄羁绊)
2025-11-19 17:14:31 INFO  com.ososx.tcg.officer.apps.cli.tpl.CliTplFrame Line:115 - 控制台输出：英雄羁绊 阅读完毕;
2025-11-19 17:14:31 INFO  com.ososx.tcg.officer.apps.cli.tpl.CliTplFrame Line:115 - 控制台输出：正在处理第638/790张(羁绊英雄星级)
2025-11-19 17:14:31 INFO  com.ososx.tcg.officer.apps.cli.tpl.CliTplFrame Line:115 - 控制台输出：羁绊英雄星级 阅读完毕;
2025-11-19 17:14:31 INFO  com.ososx.tcg.officer.apps.cli.tpl.CliTplFrame Line:115 - 控制台输出：正在处理第639/790张(羁绊属性库)
2025-11-19 17:14:31 INFO  com.ososx.tcg.officer.apps.cli.tpl.CliTplFrame Line:115 - 控制台输出：羁绊属性库 阅读完毕;
2025-11-19 17:14:31 INFO  com.ososx.tcg.officer.apps.cli.tpl.CliTplFrame Line:115 - 控制台输出：正在处理第640/790张(远征难度选择)
2025-11-19 17:14:31 INFO  com.ososx.tcg.officer.apps.cli.tpl.CliTplFrame Line:115 - 控制台输出：远征难度选择 阅读完毕;
2025-11-19 17:14:31 INFO  com.ososx.tcg.officer.apps.cli.tpl.CliTplFrame Line:115 - 控制台输出：正在处理第641/790张(英雄远征关卡)
2025-11-19 17:14:31 INFO  com.ososx.tcg.officer.apps.cli.tpl.CliTplFrame Line:115 - 控制台输出：英雄远征关卡 阅读完毕;
2025-11-19 17:14:31 INFO  com.ososx.tcg.officer.apps.cli.tpl.CliTplFrame Line:115 - 控制台输出：正在处理第642/790张(匹配真人战力预值)
2025-11-19 17:14:31 INFO  com.ososx.tcg.officer.apps.cli.tpl.CliTplFrame Line:115 - 控制台输出：已忽略【匹配真人战力预值】
2025-11-19 17:14:31 INFO  com.ososx.tcg.officer.apps.cli.tpl.CliTplFrame Line:115 - 控制台输出：正在处理第643/790张(荣誉挂件基础)
2025-11-19 17:14:31 INFO  com.ososx.tcg.officer.apps.cli.tpl.CliTplFrame Line:115 - 控制台输出：荣誉挂件基础 阅读完毕;
2025-11-19 17:14:31 INFO  com.ososx.tcg.officer.apps.cli.tpl.CliTplFrame Line:115 - 控制台输出：正在处理第644/790张(荣誉挂件激活道具)
2025-11-19 17:14:31 INFO  com.ososx.tcg.officer.apps.cli.tpl.CliTplFrame Line:115 - 控制台输出：荣誉挂件激活道具 阅读完毕;
2025-11-19 17:14:31 INFO  com.ososx.tcg.officer.apps.cli.tpl.CliTplFrame Line:115 - 控制台输出：正在处理第645/790张(莽荒纪基础)
2025-11-19 17:14:31 INFO  com.ososx.tcg.officer.apps.cli.tpl.CliTplFrame Line:115 - 控制台输出：莽荒纪基础 阅读完毕;
2025-11-19 17:14:31 INFO  com.ososx.tcg.officer.apps.cli.tpl.CliTplFrame Line:115 - 控制台输出：正在处理第646/790张(关卡基础)
2025-11-19 17:14:31 INFO  com.ososx.tcg.officer.apps.cli.tpl.CliTplFrame Line:115 - 控制台输出：关卡基础 阅读完毕;
2025-11-19 17:14:31 INFO  com.ososx.tcg.officer.apps.cli.tpl.CliTplFrame Line:115 - 控制台输出：正在处理第647/790张(莽荒纪关卡)
2025-11-19 17:14:31 INFO  com.ososx.tcg.officer.apps.cli.tpl.CliTplFrame Line:115 - 控制台输出：莽荒纪关卡 阅读完毕;
2025-11-19 17:14:31 INFO  com.ososx.tcg.officer.apps.cli.tpl.CliTplFrame Line:115 - 控制台输出：正在处理第648/790张(菩提树等级)
2025-11-19 17:14:31 INFO  com.ososx.tcg.officer.apps.cli.tpl.CliTplFrame Line:115 - 控制台输出：菩提树等级 阅读完毕;
2025-11-19 17:14:31 INFO  com.ososx.tcg.officer.apps.cli.tpl.CliTplFrame Line:115 - 控制台输出：正在处理第649/790张(菩提树果实奖励)
2025-11-19 17:14:31 INFO  com.ososx.tcg.officer.apps.cli.tpl.CliTplFrame Line:115 - 控制台输出：菩提树果实奖励 阅读完毕;
2025-11-19 17:14:31 INFO  com.ososx.tcg.officer.apps.cli.tpl.CliTplFrame Line:115 - 控制台输出：正在处理第650/790张(藏品穿戴要求)
2025-11-19 17:14:31 INFO  com.ososx.tcg.officer.apps.cli.tpl.CliTplFrame Line:115 - 控制台输出：藏品穿戴要求 阅读完毕;
2025-11-19 17:14:31 INFO  com.ososx.tcg.officer.apps.cli.tpl.CliTplFrame Line:115 - 控制台输出：正在处理第651/790张(藏品基础)
2025-11-19 17:14:31 INFO  com.ososx.tcg.officer.apps.cli.tpl.CliTplFrame Line:115 - 控制台输出：藏品基础 阅读完毕;
2025-11-19 17:14:31 INFO  com.ososx.tcg.officer.apps.cli.tpl.CliTplFrame Line:115 - 控制台输出：正在处理第652/790张(藏品随机属性组)
2025-11-19 17:14:31 INFO  com.ososx.tcg.officer.apps.cli.tpl.CliTplFrame Line:115 - 控制台输出：藏品随机属性组 阅读完毕;
2025-11-19 17:14:31 INFO  com.ososx.tcg.officer.apps.cli.tpl.CliTplFrame Line:115 - 控制台输出：正在处理第653/790张(藏品礼包)
2025-11-19 17:14:31 INFO  com.ososx.tcg.officer.apps.cli.tpl.CliTplFrame Line:115 - 控制台输出：藏品礼包 阅读完毕;
2025-11-19 17:14:31 INFO  com.ososx.tcg.officer.apps.cli.tpl.CliTplFrame Line:115 - 控制台输出：正在处理第654/790张(功能配置)
2025-11-19 17:14:31 INFO  com.ososx.tcg.officer.apps.cli.tpl.CliTplFrame Line:115 - 控制台输出：已忽略【功能配置】
2025-11-19 17:14:31 INFO  com.ososx.tcg.officer.apps.cli.tpl.CliTplFrame Line:115 - 控制台输出：正在处理第655/790张(藏品随机英雄组)
2025-11-19 17:14:31 INFO  com.ososx.tcg.officer.apps.cli.tpl.CliTplFrame Line:115 - 控制台输出：藏品随机英雄组 阅读完毕;
2025-11-19 17:14:31 INFO  com.ososx.tcg.officer.apps.cli.tpl.CliTplFrame Line:115 - 控制台输出：正在处理第656/790张(专属种族属性组包)
2025-11-19 17:14:31 INFO  com.ososx.tcg.officer.apps.cli.tpl.CliTplFrame Line:115 - 控制台输出：专属种族属性组包 阅读完毕;
2025-11-19 17:14:31 INFO  com.ososx.tcg.officer.apps.cli.tpl.CliTplFrame Line:115 - 控制台输出：正在处理第657/790张(专属职业属性组包)
2025-11-19 17:14:31 INFO  com.ososx.tcg.officer.apps.cli.tpl.CliTplFrame Line:115 - 控制台输出：专属职业属性组包 阅读完毕;
2025-11-19 17:14:31 INFO  com.ososx.tcg.officer.apps.cli.tpl.CliTplFrame Line:115 - 控制台输出：正在处理第658/790张(专属英雄属性组包)
2025-11-19 17:14:31 INFO  com.ososx.tcg.officer.apps.cli.tpl.CliTplFrame Line:115 - 控制台输出：专属英雄属性组包 阅读完毕;
2025-11-19 17:14:31 INFO  com.ososx.tcg.officer.apps.cli.tpl.CliTplFrame Line:115 - 控制台输出：正在处理第659/790张(固定属性藏品)
2025-11-19 17:14:31 INFO  com.ososx.tcg.officer.apps.cli.tpl.CliTplFrame Line:115 - 控制台输出：已忽略【固定属性藏品】
2025-11-19 17:14:31 INFO  com.ososx.tcg.officer.apps.cli.tpl.CliTplFrame Line:115 - 控制台输出：正在处理第660/790张(专属英雄技能)
2025-11-19 17:14:31 INFO  com.ososx.tcg.officer.apps.cli.tpl.CliTplFrame Line:115 - 控制台输出：专属英雄技能 阅读完毕;
2025-11-19 17:14:31 INFO  com.ososx.tcg.officer.apps.cli.tpl.CliTplFrame Line:115 - 控制台输出：正在处理第661/790张(藏品回收)
2025-11-19 17:14:31 INFO  com.ososx.tcg.officer.apps.cli.tpl.CliTplFrame Line:115 - 控制台输出：藏品回收 阅读完毕;
2025-11-19 17:14:31 INFO  com.ososx.tcg.officer.apps.cli.tpl.CliTplFrame Line:115 - 控制台输出：正在处理第662/790张(藏品召唤方式)
2025-11-19 17:14:31 WARN  com.ososx.tcg.officer.apps.cli.tpl.CliTplCmd Line:163 - 表 藏品召唤方式 第8行是空行
2025-11-19 17:14:31 WARN  com.ososx.tcg.officer.apps.cli.tpl.CliTplCmd Line:163 - 表 藏品召唤方式 第9行是空行
2025-11-19 17:14:31 INFO  com.ososx.tcg.officer.apps.cli.tpl.CliTplFrame Line:115 - 控制台输出：藏品召唤方式 阅读完毕;
2025-11-19 17:14:31 INFO  com.ososx.tcg.officer.apps.cli.tpl.CliTplFrame Line:115 - 控制台输出：正在处理第663/790张(藏品召唤阶段奖励)
2025-11-19 17:14:31 INFO  com.ososx.tcg.officer.apps.cli.tpl.CliTplFrame Line:115 - 控制台输出：藏品召唤阶段奖励 阅读完毕;
2025-11-19 17:14:31 INFO  com.ososx.tcg.officer.apps.cli.tpl.CliTplFrame Line:115 - 控制台输出：正在处理第664/790张(藏品召唤作弊)
2025-11-19 17:14:31 INFO  com.ososx.tcg.officer.apps.cli.tpl.CliTplFrame Line:115 - 控制台输出：已忽略【藏品召唤作弊】
2025-11-19 17:14:31 INFO  com.ososx.tcg.officer.apps.cli.tpl.CliTplFrame Line:115 - 控制台输出：正在处理第665/790张(藏品召唤奖池组)
2025-11-19 17:14:31 INFO  com.ososx.tcg.officer.apps.cli.tpl.CliTplFrame Line:115 - 控制台输出：已忽略【藏品召唤奖池组】
2025-11-19 17:14:31 INFO  com.ososx.tcg.officer.apps.cli.tpl.CliTplFrame Line:115 - 控制台输出：正在处理第666/790张(藏品召唤对话气泡)
2025-11-19 17:14:31 INFO  com.ososx.tcg.officer.apps.cli.tpl.CliTplFrame Line:115 - 控制台输出：已忽略【藏品召唤对话气泡】
2025-11-19 17:14:31 INFO  com.ososx.tcg.officer.apps.cli.tpl.CliTplFrame Line:115 - 控制台输出：正在处理第667/790张(属性升级组)
2025-11-19 17:14:31 INFO  com.ososx.tcg.officer.apps.cli.tpl.CliTplFrame Line:115 - 控制台输出：属性升级组 阅读完毕;
2025-11-19 17:14:31 INFO  com.ososx.tcg.officer.apps.cli.tpl.CliTplFrame Line:115 - 控制台输出：正在处理第668/790张(藏品推荐)
2025-11-19 17:14:31 INFO  com.ososx.tcg.officer.apps.cli.tpl.CliTplFrame Line:115 - 控制台输出：藏品推荐 阅读完毕;
2025-11-19 17:14:31 INFO  com.ososx.tcg.officer.apps.cli.tpl.CliTplFrame Line:115 - 控制台输出：正在处理第669/790张(藏品封印活动)
2025-11-19 17:14:31 INFO  com.ososx.tcg.officer.apps.cli.tpl.CliTplFrame Line:115 - 控制台输出：藏品封印活动 阅读完毕;
2025-11-19 17:14:31 INFO  com.ososx.tcg.officer.apps.cli.tpl.CliTplFrame Line:115 - 控制台输出：正在处理第670/790张(免费藏品封印)
2025-11-19 17:14:31 INFO  com.ososx.tcg.officer.apps.cli.tpl.CliTplFrame Line:115 - 控制台输出：免费藏品封印 阅读完毕;
2025-11-19 17:14:31 INFO  com.ososx.tcg.officer.apps.cli.tpl.CliTplFrame Line:115 - 控制台输出：正在处理第671/790张(藏品觉醒配置)
2025-11-19 17:14:31 WARN  com.ososx.tcg.officer.apps.cli.tpl.CliTplCmd Line:163 - 表 藏品觉醒配置 第3行是空行
2025-11-19 17:14:31 WARN  com.ososx.tcg.officer.apps.cli.tpl.CliTplCmd Line:163 - 表 藏品觉醒配置 第7行是空行
2025-11-19 17:14:31 WARN  com.ososx.tcg.officer.apps.cli.tpl.CliTplCmd Line:163 - 表 藏品觉醒配置 第8行是空行
2025-11-19 17:14:31 WARN  com.ososx.tcg.officer.apps.cli.tpl.CliTplCmd Line:163 - 表 藏品觉醒配置 第9行是空行
2025-11-19 17:14:31 WARN  com.ososx.tcg.officer.apps.cli.tpl.CliTplCmd Line:163 - 表 藏品觉醒配置 第10行是空行
2025-11-19 17:14:31 WARN  com.ososx.tcg.officer.apps.cli.tpl.CliTplCmd Line:163 - 表 藏品觉醒配置 第11行是空行
2025-11-19 17:14:31 INFO  com.ososx.tcg.officer.apps.cli.tpl.CliTplFrame Line:115 - 控制台输出：藏品觉醒配置 阅读完毕;
2025-11-19 17:14:31 INFO  com.ososx.tcg.officer.apps.cli.tpl.CliTplFrame Line:115 - 控制台输出：正在处理第672/790张(藏品兑换商店限制)
2025-11-19 17:14:31 INFO  com.ososx.tcg.officer.apps.cli.tpl.CliTplFrame Line:115 - 控制台输出：藏品兑换商店限制 阅读完毕;
2025-11-19 17:14:31 INFO  com.ososx.tcg.officer.apps.cli.tpl.CliTplFrame Line:115 - 控制台输出：正在处理第673/790张(藏品概率配置)
2025-11-19 17:14:31 INFO  com.ososx.tcg.officer.apps.cli.tpl.CliTplFrame Line:115 - 控制台输出：藏品概率配置 阅读完毕;
2025-11-19 17:14:31 INFO  com.ososx.tcg.officer.apps.cli.tpl.CliTplFrame Line:115 - 控制台输出：正在处理第674/790张(藏品兑换商城)
2025-11-19 17:14:31 INFO  com.ososx.tcg.officer.apps.cli.tpl.CliTplFrame Line:115 - 控制台输出：藏品兑换商城 阅读完毕;
2025-11-19 17:14:31 INFO  com.ososx.tcg.officer.apps.cli.tpl.CliTplFrame Line:115 - 控制台输出：正在处理第675/790张(超级大奖奖池)
2025-11-19 17:14:31 INFO  com.ososx.tcg.officer.apps.cli.tpl.CliTplFrame Line:115 - 控制台输出：超级大奖奖池 阅读完毕;
2025-11-19 17:14:31 INFO  com.ososx.tcg.officer.apps.cli.tpl.CliTplFrame Line:115 - 控制台输出：正在处理第676/790张(融合神殿难度)
2025-11-19 17:14:31 INFO  com.ososx.tcg.officer.apps.cli.tpl.CliTplFrame Line:115 - 控制台输出：融合神殿难度 阅读完毕;
2025-11-19 17:14:31 INFO  com.ososx.tcg.officer.apps.cli.tpl.CliTplFrame Line:115 - 控制台输出：正在处理第677/790张(融合神殿关卡)
2025-11-19 17:14:31 INFO  com.ososx.tcg.officer.apps.cli.tpl.CliTplFrame Line:115 - 控制台输出：融合神殿关卡 阅读完毕;
2025-11-19 17:14:31 INFO  com.ososx.tcg.officer.apps.cli.tpl.CliTplFrame Line:115 - 控制台输出：正在处理第678/790张(融合神殿挑战要求)
2025-11-19 17:14:31 WARN  com.ososx.tcg.officer.apps.cli.tpl.CliTplCmd Line:163 - 表 融合神殿挑战要求 第62行是空行
2025-11-19 17:14:31 INFO  com.ososx.tcg.officer.apps.cli.tpl.CliTplFrame Line:115 - 控制台输出：融合神殿挑战要求 阅读完毕;
2025-11-19 17:14:31 INFO  com.ososx.tcg.officer.apps.cli.tpl.CliTplFrame Line:115 - 控制台输出：正在处理第679/790张(融合神殿挑战奖励)
2025-11-19 17:14:31 INFO  com.ososx.tcg.officer.apps.cli.tpl.CliTplFrame Line:115 - 控制台输出：融合神殿挑战奖励 阅读完毕;
2025-11-19 17:14:31 INFO  com.ososx.tcg.officer.apps.cli.tpl.CliTplFrame Line:115 - 控制台输出：正在处理第680/790张(融合神殿自选奖励)
2025-11-19 17:14:31 INFO  com.ososx.tcg.officer.apps.cli.tpl.CliTplFrame Line:115 - 控制台输出：融合神殿自选奖励 阅读完毕;
2025-11-19 17:14:31 INFO  com.ososx.tcg.officer.apps.cli.tpl.CliTplFrame Line:115 - 控制台输出：正在处理第681/790张(融合神殿排行榜)
2025-11-19 17:14:31 INFO  com.ososx.tcg.officer.apps.cli.tpl.CliTplFrame Line:115 - 控制台输出：融合神殿排行榜 阅读完毕;
2025-11-19 17:14:31 INFO  com.ososx.tcg.officer.apps.cli.tpl.CliTplFrame Line:115 - 控制台输出：正在处理第682/790张(装备周卡基础)
2025-11-19 17:14:31 INFO  com.ososx.tcg.officer.apps.cli.tpl.CliTplFrame Line:115 - 控制台输出：装备周卡基础 阅读完毕;
2025-11-19 17:14:31 INFO  com.ososx.tcg.officer.apps.cli.tpl.CliTplFrame Line:115 - 控制台输出：正在处理第683/790张(装备周卡详情)
2025-11-19 17:14:31 INFO  com.ososx.tcg.officer.apps.cli.tpl.CliTplFrame Line:115 - 控制台输出：装备周卡详情 阅读完毕;
2025-11-19 17:14:31 INFO  com.ososx.tcg.officer.apps.cli.tpl.CliTplFrame Line:115 - 控制台输出：正在处理第684/790张(装备表)
2025-11-19 17:14:31 INFO  com.ososx.tcg.officer.apps.cli.tpl.CliTplFrame Line:115 - 控制台输出：装备表 阅读完毕;
2025-11-19 17:14:31 INFO  com.ososx.tcg.officer.apps.cli.tpl.CliTplFrame Line:115 - 控制台输出：正在处理第685/790张(装备进阶)
2025-11-19 17:14:31 INFO  com.ososx.tcg.officer.apps.cli.tpl.CliTplFrame Line:115 - 控制台输出：装备进阶 阅读完毕;
2025-11-19 17:14:31 INFO  com.ososx.tcg.officer.apps.cli.tpl.CliTplFrame Line:115 - 控制台输出：正在处理第686/790张(装备套装)
2025-11-19 17:14:31 INFO  com.ososx.tcg.officer.apps.cli.tpl.CliTplFrame Line:115 - 控制台输出：装备套装 阅读完毕;
2025-11-19 17:14:31 INFO  com.ososx.tcg.officer.apps.cli.tpl.CliTplFrame Line:115 - 控制台输出：正在处理第687/790张(精炼合成印记概率)
2025-11-19 17:14:31 INFO  com.ososx.tcg.officer.apps.cli.tpl.CliTplFrame Line:115 - 控制台输出：精炼合成印记概率 阅读完毕;
2025-11-19 17:14:31 INFO  com.ososx.tcg.officer.apps.cli.tpl.CliTplFrame Line:115 - 控制台输出：正在处理第688/790张(附魔套装)
2025-11-19 17:14:31 INFO  com.ososx.tcg.officer.apps.cli.tpl.CliTplFrame Line:115 - 控制台输出：附魔套装 阅读完毕;
2025-11-19 17:14:31 INFO  com.ososx.tcg.officer.apps.cli.tpl.CliTplFrame Line:115 - 控制台输出：正在处理第689/790张(附魔卷轴)
2025-11-19 17:14:31 INFO  com.ososx.tcg.officer.apps.cli.tpl.CliTplFrame Line:115 - 控制台输出：附魔卷轴 阅读完毕;
2025-11-19 17:14:31 INFO  com.ososx.tcg.officer.apps.cli.tpl.CliTplFrame Line:115 - 控制台输出：正在处理第690/790张(附魔大类名称)
2025-11-19 17:14:31 INFO  com.ososx.tcg.officer.apps.cli.tpl.CliTplFrame Line:115 - 控制台输出：附魔大类名称 阅读完毕;
2025-11-19 17:14:31 INFO  com.ososx.tcg.officer.apps.cli.tpl.CliTplFrame Line:115 - 控制台输出：正在处理第691/790张(附魔属性分组概率)
2025-11-19 17:14:31 INFO  com.ososx.tcg.officer.apps.cli.tpl.CliTplFrame Line:115 - 控制台输出：已忽略【附魔属性分组概率】
2025-11-19 17:14:31 INFO  com.ososx.tcg.officer.apps.cli.tpl.CliTplFrame Line:115 - 控制台输出：正在处理第692/790张(附魔属性)
2025-11-19 17:14:31 INFO  com.ososx.tcg.officer.apps.cli.tpl.CliTplFrame Line:115 - 控制台输出：附魔属性 阅读完毕;
2025-11-19 17:14:31 INFO  com.ososx.tcg.officer.apps.cli.tpl.CliTplFrame Line:115 - 控制台输出：正在处理第693/790张(新版附魔属性变更概率)
2025-11-19 17:14:31 INFO  com.ososx.tcg.officer.apps.cli.tpl.CliTplFrame Line:115 - 控制台输出：已忽略【新版附魔属性变更概率】
2025-11-19 17:14:31 INFO  com.ososx.tcg.officer.apps.cli.tpl.CliTplFrame Line:115 - 控制台输出：正在处理第694/790张(资源找回)
2025-11-19 17:14:31 INFO  com.ososx.tcg.officer.apps.cli.tpl.CliTplFrame Line:115 - 控制台输出：资源找回 阅读完毕;
2025-11-19 17:14:31 INFO  com.ososx.tcg.officer.apps.cli.tpl.CliTplFrame Line:115 - 控制台输出：正在处理第695/790张(超值礼包基础)
2025-11-19 17:14:31 INFO  com.ososx.tcg.officer.apps.cli.tpl.CliTplFrame Line:115 - 控制台输出：超值礼包基础 阅读完毕;
2025-11-19 17:14:31 INFO  com.ososx.tcg.officer.apps.cli.tpl.CliTplFrame Line:115 - 控制台输出：正在处理第696/790张(超值礼包页签)
2025-11-19 17:14:31 INFO  com.ososx.tcg.officer.apps.cli.tpl.CliTplFrame Line:115 - 控制台输出：超值礼包页签 阅读完毕;
2025-11-19 17:14:31 INFO  com.ososx.tcg.officer.apps.cli.tpl.CliTplFrame Line:115 - 控制台输出：正在处理第697/790张(超值礼包商品)
2025-11-19 17:14:31 INFO  com.ososx.tcg.officer.apps.cli.tpl.CliTplFrame Line:115 - 控制台输出：超值礼包商品 阅读完毕;
2025-11-19 17:14:31 INFO  com.ososx.tcg.officer.apps.cli.tpl.CliTplFrame Line:115 - 控制台输出：正在处理第698/790张(超值首充基础)
2025-11-19 17:14:31 INFO  com.ososx.tcg.officer.apps.cli.tpl.CliTplFrame Line:115 - 控制台输出：超值首充基础 阅读完毕;
2025-11-19 17:14:31 INFO  com.ososx.tcg.officer.apps.cli.tpl.CliTplFrame Line:115 - 控制台输出：正在处理第699/790张(超值首充奖励)
2025-11-19 17:14:31 INFO  com.ososx.tcg.officer.apps.cli.tpl.CliTplFrame Line:115 - 控制台输出：超值首充奖励 阅读完毕;
2025-11-19 17:14:31 INFO  com.ososx.tcg.officer.apps.cli.tpl.CliTplFrame Line:115 - 控制台输出：正在处理第700/790张(进阶礼包基础)
2025-11-19 17:14:31 INFO  com.ososx.tcg.officer.apps.cli.tpl.CliTplFrame Line:115 - 控制台输出：已忽略【进阶礼包基础】
2025-11-19 17:14:31 INFO  com.ososx.tcg.officer.apps.cli.tpl.CliTplFrame Line:115 - 控制台输出：正在处理第701/790张(进阶礼包奖励)
2025-11-19 17:14:31 INFO  com.ososx.tcg.officer.apps.cli.tpl.CliTplFrame Line:115 - 控制台输出：已忽略【进阶礼包奖励】
2025-11-19 17:14:31 INFO  com.ososx.tcg.officer.apps.cli.tpl.CliTplFrame Line:115 - 控制台输出：正在处理第702/790张(转盘基础)
2025-11-19 17:14:31 INFO  com.ososx.tcg.officer.apps.cli.tpl.CliTplFrame Line:115 - 控制台输出：转盘基础 阅读完毕;
2025-11-19 17:14:31 INFO  com.ososx.tcg.officer.apps.cli.tpl.CliTplFrame Line:115 - 控制台输出：正在处理第703/790张(转盘轮次奖励)
2025-11-19 17:14:31 INFO  com.ososx.tcg.officer.apps.cli.tpl.CliTplFrame Line:115 - 控制台输出：转盘轮次奖励 阅读完毕;
2025-11-19 17:14:31 INFO  com.ososx.tcg.officer.apps.cli.tpl.CliTplFrame Line:115 - 控制台输出：正在处理第704/790张(转盘刷新)
2025-11-19 17:14:31 INFO  com.ososx.tcg.officer.apps.cli.tpl.CliTplFrame Line:115 - 控制台输出：转盘刷新 阅读完毕;
2025-11-19 17:14:31 INFO  com.ososx.tcg.officer.apps.cli.tpl.CliTplFrame Line:115 - 控制台输出：正在处理第705/790张(转盘消耗)
2025-11-19 17:14:31 INFO  com.ososx.tcg.officer.apps.cli.tpl.CliTplFrame Line:115 - 控制台输出：转盘消耗 阅读完毕;
2025-11-19 17:14:31 INFO  com.ososx.tcg.officer.apps.cli.tpl.CliTplFrame Line:115 - 控制台输出：正在处理第706/790张(转盘分组)
2025-11-19 17:14:31 INFO  com.ososx.tcg.officer.apps.cli.tpl.CliTplFrame Line:115 - 控制台输出：转盘分组 阅读完毕;
2025-11-19 17:14:31 INFO  com.ososx.tcg.officer.apps.cli.tpl.CliTplFrame Line:115 - 控制台输出：正在处理第707/790张(转盘奖品)
2025-11-19 17:14:31 INFO  com.ososx.tcg.officer.apps.cli.tpl.CliTplFrame Line:115 - 控制台输出：转盘奖品 阅读完毕;
2025-11-19 17:14:31 INFO  com.ososx.tcg.officer.apps.cli.tpl.CliTplFrame Line:115 - 控制台输出：正在处理第708/790张(跨服BOSS基础)
2025-11-19 17:14:31 INFO  com.ososx.tcg.officer.apps.cli.tpl.CliTplFrame Line:115 - 控制台输出：跨服BOSS基础 阅读完毕;
2025-11-19 17:14:31 INFO  com.ososx.tcg.officer.apps.cli.tpl.CliTplFrame Line:115 - 控制台输出：正在处理第709/790张(跨服BOSS排行奖励)
2025-11-19 17:14:31 INFO  com.ososx.tcg.officer.apps.cli.tpl.CliTplFrame Line:115 - 控制台输出：跨服BOSS排行奖励 阅读完毕;
2025-11-19 17:14:31 INFO  com.ososx.tcg.officer.apps.cli.tpl.CliTplFrame Line:115 - 控制台输出：正在处理第710/790张(跨服元宝排行基础)
2025-11-19 17:14:31 INFO  com.ososx.tcg.officer.apps.cli.tpl.CliTplFrame Line:115 - 控制台输出：跨服元宝排行基础 阅读完毕;
2025-11-19 17:14:31 INFO  com.ososx.tcg.officer.apps.cli.tpl.CliTplFrame Line:115 - 控制台输出：正在处理第711/790张(跨服元宝排行奖励)
2025-11-19 17:14:31 INFO  com.ososx.tcg.officer.apps.cli.tpl.CliTplFrame Line:115 - 控制台输出：跨服元宝排行奖励 阅读完毕;
2025-11-19 17:14:31 INFO  com.ososx.tcg.officer.apps.cli.tpl.CliTplFrame Line:115 - 控制台输出：正在处理第712/790张(跨服充值排行基础)
2025-11-19 17:14:31 INFO  com.ososx.tcg.officer.apps.cli.tpl.CliTplFrame Line:115 - 控制台输出：跨服充值排行基础 阅读完毕;
2025-11-19 17:14:31 INFO  com.ososx.tcg.officer.apps.cli.tpl.CliTplFrame Line:115 - 控制台输出：正在处理第713/790张(跨服充值排行奖励)
2025-11-19 17:14:31 WARN  com.ososx.tcg.officer.apps.cli.tpl.CliTplCmd Line:163 - 表 跨服充值排行奖励 第11行是空行
2025-11-19 17:14:31 INFO  com.ososx.tcg.officer.apps.cli.tpl.CliTplFrame Line:115 - 控制台输出：跨服充值排行奖励 阅读完毕;
2025-11-19 17:14:31 INFO  com.ososx.tcg.officer.apps.cli.tpl.CliTplFrame Line:115 - 控制台输出：正在处理第714/790张(跨服战场)
2025-11-19 17:14:31 INFO  com.ososx.tcg.officer.apps.cli.tpl.CliTplFrame Line:115 - 控制台输出：跨服战场 阅读完毕;
2025-11-19 17:14:31 INFO  com.ososx.tcg.officer.apps.cli.tpl.CliTplFrame Line:115 - 控制台输出：正在处理第715/790张(天梯争霸排名奖励)
2025-11-19 17:14:31 WARN  com.ososx.tcg.officer.apps.cli.tpl.CliTplCmd Line:163 - 表 天梯争霸排名奖励 第14行是空行
2025-11-19 17:14:31 WARN  com.ososx.tcg.officer.apps.cli.tpl.CliTplCmd Line:163 - 表 天梯争霸排名奖励 第15行是空行
2025-11-19 17:14:31 WARN  com.ososx.tcg.officer.apps.cli.tpl.CliTplCmd Line:163 - 表 天梯争霸排名奖励 第16行是空行
2025-11-19 17:14:31 WARN  com.ososx.tcg.officer.apps.cli.tpl.CliTplCmd Line:163 - 表 天梯争霸排名奖励 第17行是空行
2025-11-19 17:14:31 INFO  com.ososx.tcg.officer.apps.cli.tpl.CliTplFrame Line:115 - 控制台输出：天梯争霸排名奖励 阅读完毕;
2025-11-19 17:14:31 INFO  com.ososx.tcg.officer.apps.cli.tpl.CliTplFrame Line:115 - 控制台输出：正在处理第716/790张(天梯争霸战斗刷新)
2025-11-19 17:14:31 INFO  com.ososx.tcg.officer.apps.cli.tpl.CliTplFrame Line:115 - 控制台输出：已忽略【天梯争霸战斗刷新】
2025-11-19 17:14:31 INFO  com.ososx.tcg.officer.apps.cli.tpl.CliTplFrame Line:115 - 控制台输出：正在处理第717/790张(段位奖励)
2025-11-19 17:14:31 INFO  com.ososx.tcg.officer.apps.cli.tpl.CliTplFrame Line:115 - 控制台输出：段位奖励 阅读完毕;
2025-11-19 17:14:31 INFO  com.ososx.tcg.officer.apps.cli.tpl.CliTplFrame Line:115 - 控制台输出：正在处理第718/790张(段位升级)
2025-11-19 17:14:31 INFO  com.ososx.tcg.officer.apps.cli.tpl.CliTplFrame Line:115 - 控制台输出：段位升级 阅读完毕;
2025-11-19 17:14:31 INFO  com.ososx.tcg.officer.apps.cli.tpl.CliTplFrame Line:115 - 控制台输出：正在处理第719/790张(段位赛奖品库)
2025-11-19 17:14:31 INFO  com.ososx.tcg.officer.apps.cli.tpl.CliTplFrame Line:115 - 控制台输出：段位赛奖品库 阅读完毕;
2025-11-19 17:14:31 INFO  com.ososx.tcg.officer.apps.cli.tpl.CliTplFrame Line:115 - 控制台输出：正在处理第720/790张(段位商店)
2025-11-19 17:14:31 INFO  com.ososx.tcg.officer.apps.cli.tpl.CliTplFrame Line:115 - 控制台输出：段位商店 阅读完毕;
2025-11-19 17:14:31 INFO  com.ososx.tcg.officer.apps.cli.tpl.CliTplFrame Line:115 - 控制台输出：正在处理第721/790张(跨服段位赛机器人库)
2025-11-19 17:14:31 INFO  com.ososx.tcg.officer.apps.cli.tpl.CliTplFrame Line:115 - 控制台输出：已忽略【跨服段位赛机器人库】
2025-11-19 17:14:31 INFO  com.ososx.tcg.officer.apps.cli.tpl.CliTplFrame Line:115 - 控制台输出：正在处理第722/790张(天级榜奖励)
2025-11-19 17:14:31 INFO  com.ososx.tcg.officer.apps.cli.tpl.CliTplFrame Line:115 - 控制台输出：天级榜奖励 阅读完毕;
2025-11-19 17:14:31 INFO  com.ososx.tcg.officer.apps.cli.tpl.CliTplFrame Line:115 - 控制台输出：正在处理第723/790张(跨服演武场排行榜奖励)
2025-11-19 17:14:31 INFO  com.ososx.tcg.officer.apps.cli.tpl.CliTplFrame Line:115 - 控制台输出：跨服演武场排行榜奖励 阅读完毕;
2025-11-19 17:14:31 INFO  com.ososx.tcg.officer.apps.cli.tpl.CliTplFrame Line:115 - 控制台输出：正在处理第724/790张(跨服演武场挑战奖励)
2025-11-19 17:14:31 INFO  com.ososx.tcg.officer.apps.cli.tpl.CliTplFrame Line:115 - 控制台输出：跨服演武场挑战奖励 阅读完毕;
2025-11-19 17:14:31 INFO  com.ososx.tcg.officer.apps.cli.tpl.CliTplFrame Line:115 - 控制台输出：正在处理第725/790张(跨服演武场每日宝箱)
2025-11-19 17:14:31 INFO  com.ososx.tcg.officer.apps.cli.tpl.CliTplFrame Line:115 - 控制台输出：跨服演武场每日宝箱 阅读完毕;
2025-11-19 17:14:31 INFO  com.ososx.tcg.officer.apps.cli.tpl.CliTplFrame Line:115 - 控制台输出：正在处理第726/790张(跨服演武场机器人库)
2025-11-19 17:14:31 INFO  com.ososx.tcg.officer.apps.cli.tpl.CliTplFrame Line:115 - 控制台输出：已忽略【跨服演武场机器人库】
2025-11-19 17:14:31 INFO  com.ososx.tcg.officer.apps.cli.tpl.CliTplFrame Line:115 - 控制台输出：正在处理第727/790张(连线英雄关卡)
2025-11-19 17:14:31 INFO  com.ososx.tcg.officer.apps.cli.tpl.CliTplFrame Line:115 - 控制台输出：连线英雄关卡 阅读完毕;
2025-11-19 17:14:31 INFO  com.ososx.tcg.officer.apps.cli.tpl.CliTplFrame Line:115 - 控制台输出：正在处理第728/790张(连线英雄怪物)
2025-11-19 17:14:31 INFO  com.ososx.tcg.officer.apps.cli.tpl.CliTplFrame Line:115 - 控制台输出：连线英雄怪物 阅读完毕;
2025-11-19 17:14:31 INFO  com.ososx.tcg.officer.apps.cli.tpl.CliTplFrame Line:115 - 控制台输出：正在处理第729/790张(连续充值基础)
2025-11-19 17:14:31 INFO  com.ososx.tcg.officer.apps.cli.tpl.CliTplFrame Line:115 - 控制台输出：连续充值基础 阅读完毕;
2025-11-19 17:14:31 INFO  com.ososx.tcg.officer.apps.cli.tpl.CliTplFrame Line:115 - 控制台输出：正在处理第730/790张(连续充值奖励)
2025-11-19 17:14:31 INFO  com.ososx.tcg.officer.apps.cli.tpl.CliTplFrame Line:115 - 控制台输出：连续充值奖励 阅读完毕;
2025-11-19 17:14:31 INFO  com.ososx.tcg.officer.apps.cli.tpl.CliTplFrame Line:115 - 控制台输出：正在处理第731/790张(通天塔关卡)
2025-11-19 17:14:31 INFO  com.ososx.tcg.officer.apps.cli.tpl.CliTplFrame Line:115 - 控制台输出：通天塔关卡 阅读完毕;
2025-11-19 17:14:31 INFO  com.ososx.tcg.officer.apps.cli.tpl.CliTplFrame Line:115 - 控制台输出：正在处理第732/790张(怪物语录)
2025-11-19 17:14:31 INFO  com.ososx.tcg.officer.apps.cli.tpl.CliTplFrame Line:115 - 控制台输出：怪物语录 阅读完毕;
2025-11-19 17:14:31 INFO  com.ososx.tcg.officer.apps.cli.tpl.CliTplFrame Line:115 - 控制台输出：正在处理第733/790张(通天塔通关奖励)
2025-11-19 17:14:31 INFO  com.ososx.tcg.officer.apps.cli.tpl.CliTplFrame Line:115 - 控制台输出：通天塔通关奖励 阅读完毕;
2025-11-19 17:14:31 INFO  com.ososx.tcg.officer.apps.cli.tpl.CliTplFrame Line:115 - 控制台输出：正在处理第734/790张(功能开启)
2025-11-19 17:14:31 INFO  com.ososx.tcg.officer.apps.cli.tpl.CliTplFrame Line:115 - 控制台输出：功能开启 阅读完毕;
2025-11-19 17:14:31 INFO  com.ososx.tcg.officer.apps.cli.tpl.CliTplFrame Line:115 - 控制台输出：正在处理第735/790张(全局变量)
2025-11-19 17:14:31 INFO  com.ososx.tcg.officer.apps.cli.tpl.CliTplFrame Line:115 - 控制台输出：全局变量 阅读完毕;
2025-11-19 17:14:31 INFO  com.ososx.tcg.officer.apps.cli.tpl.CliTplFrame Line:115 - 控制台输出：正在处理第736/790张(屏蔽字库)
2025-11-19 17:14:31 INFO  com.ososx.tcg.officer.apps.cli.tpl.CliTplFrame Line:115 - 控制台输出：屏蔽字库 阅读完毕;
2025-11-19 17:14:31 INFO  com.ososx.tcg.officer.apps.cli.tpl.CliTplFrame Line:115 - 控制台输出：正在处理第737/790张(通用排行榜配置)
2025-11-19 17:14:31 INFO  com.ososx.tcg.officer.apps.cli.tpl.CliTplFrame Line:115 - 控制台输出：通用排行榜配置 阅读完毕;
2025-11-19 17:14:31 INFO  com.ososx.tcg.officer.apps.cli.tpl.CliTplFrame Line:115 - 控制台输出：正在处理第738/790张(通用排行榜奖励)
2025-11-19 17:14:31 INFO  com.ososx.tcg.officer.apps.cli.tpl.CliTplFrame Line:115 - 控制台输出：通用排行榜奖励 阅读完毕;
2025-11-19 17:14:31 INFO  com.ososx.tcg.officer.apps.cli.tpl.CliTplFrame Line:115 - 控制台输出：正在处理第739/790张(通用自选礼包基础)
2025-11-19 17:14:31 INFO  com.ososx.tcg.officer.apps.cli.tpl.CliTplFrame Line:115 - 控制台输出：通用自选礼包基础 阅读完毕;
2025-11-19 17:14:31 INFO  com.ososx.tcg.officer.apps.cli.tpl.CliTplFrame Line:115 - 控制台输出：正在处理第740/790张(通用自选礼包奖品池)
2025-11-19 17:14:31 INFO  com.ososx.tcg.officer.apps.cli.tpl.CliTplFrame Line:115 - 控制台输出：通用自选礼包奖品池 阅读完毕;
2025-11-19 17:14:31 INFO  com.ososx.tcg.officer.apps.cli.tpl.CliTplFrame Line:115 - 控制台输出：正在处理第741/790张(通用自选礼包奖品项)
2025-11-19 17:14:31 INFO  com.ososx.tcg.officer.apps.cli.tpl.CliTplFrame Line:115 - 控制台输出：通用自选礼包奖品项 阅读完毕;
2025-11-19 17:14:31 INFO  com.ososx.tcg.officer.apps.cli.tpl.CliTplFrame Line:115 - 控制台输出：正在处理第742/790张(每日邀请)
2025-11-19 17:14:31 INFO  com.ososx.tcg.officer.apps.cli.tpl.CliTplFrame Line:115 - 控制台输出：每日邀请 阅读完毕;
2025-11-19 17:14:31 INFO  com.ososx.tcg.officer.apps.cli.tpl.CliTplFrame Line:115 - 控制台输出：正在处理第743/790张(邀请新人注册)
2025-11-19 17:14:31 INFO  com.ososx.tcg.officer.apps.cli.tpl.CliTplFrame Line:115 - 控制台输出：邀请新人注册 阅读完毕;
2025-11-19 17:14:31 INFO  com.ososx.tcg.officer.apps.cli.tpl.CliTplFrame Line:115 - 控制台输出：正在处理第744/790张(每日被邀请奖励)
2025-11-19 17:14:31 INFO  com.ososx.tcg.officer.apps.cli.tpl.CliTplFrame Line:115 - 控制台输出：每日被邀请奖励 阅读完毕;
2025-11-19 17:14:31 INFO  com.ososx.tcg.officer.apps.cli.tpl.CliTplFrame Line:115 - 控制台输出：正在处理第745/790张(邀请30级奖励)
2025-11-19 17:14:31 INFO  com.ososx.tcg.officer.apps.cli.tpl.CliTplFrame Line:115 - 控制台输出：邀请30级奖励 阅读完毕;
2025-11-19 17:14:31 INFO  com.ososx.tcg.officer.apps.cli.tpl.CliTplFrame Line:115 - 控制台输出：正在处理第746/790张(邀请60级奖励)
2025-11-19 17:14:31 INFO  com.ososx.tcg.officer.apps.cli.tpl.CliTplFrame Line:115 - 控制台输出：邀请60级奖励 阅读完毕;
2025-11-19 17:14:31 INFO  com.ososx.tcg.officer.apps.cli.tpl.CliTplFrame Line:115 - 控制台输出：正在处理第747/790张(邮件特权商城)
2025-11-19 17:14:31 WARN  com.ososx.tcg.officer.apps.cli.tpl.CliTplCmd Line:163 - 表 邮件特权商城 第4行是空行
2025-11-19 17:14:31 WARN  com.ososx.tcg.officer.apps.cli.tpl.CliTplCmd Line:163 - 表 邮件特权商城 第5行是空行
2025-11-19 17:14:31 WARN  com.ososx.tcg.officer.apps.cli.tpl.CliTplCmd Line:163 - 表 邮件特权商城 第6行是空行
2025-11-19 17:14:31 WARN  com.ososx.tcg.officer.apps.cli.tpl.CliTplCmd Line:163 - 表 邮件特权商城 第7行是空行
2025-11-19 17:14:31 INFO  com.ososx.tcg.officer.apps.cli.tpl.CliTplFrame Line:115 - 控制台输出：邮件特权商城 阅读完毕;
2025-11-19 17:14:31 INFO  com.ososx.tcg.officer.apps.cli.tpl.CliTplFrame Line:115 - 控制台输出：正在处理第748/790张(重置基础)
2025-11-19 17:14:31 INFO  com.ososx.tcg.officer.apps.cli.tpl.CliTplFrame Line:115 - 控制台输出：重置基础 阅读完毕;
2025-11-19 17:14:31 INFO  com.ososx.tcg.officer.apps.cli.tpl.CliTplFrame Line:115 - 控制台输出：正在处理第749/790张(重置消耗)
2025-11-19 17:14:31 INFO  com.ososx.tcg.officer.apps.cli.tpl.CliTplFrame Line:115 - 控制台输出：重置消耗 阅读完毕;
2025-11-19 17:14:31 INFO  com.ososx.tcg.officer.apps.cli.tpl.CliTplFrame Line:115 - 控制台输出：正在处理第750/790张(重置奖池)
2025-11-19 17:14:31 WARN  com.ososx.tcg.officer.apps.cli.tpl.CliTplCmd Line:163 - 表 重置奖池 第53行是空行
2025-11-19 17:14:31 WARN  com.ososx.tcg.officer.apps.cli.tpl.CliTplCmd Line:163 - 表 重置奖池 第54行是空行
2025-11-19 17:14:31 WARN  com.ososx.tcg.officer.apps.cli.tpl.CliTplCmd Line:163 - 表 重置奖池 第55行是空行
2025-11-19 17:14:31 INFO  com.ososx.tcg.officer.apps.cli.tpl.CliTplFrame Line:115 - 控制台输出：重置奖池 阅读完毕;
2025-11-19 17:14:31 INFO  com.ososx.tcg.officer.apps.cli.tpl.CliTplFrame Line:115 - 控制台输出：正在处理第751/790张(金币商店基础)
2025-11-19 17:14:31 INFO  com.ososx.tcg.officer.apps.cli.tpl.CliTplFrame Line:115 - 控制台输出：金币商店基础 阅读完毕;
2025-11-19 17:14:31 INFO  com.ososx.tcg.officer.apps.cli.tpl.CliTplFrame Line:115 - 控制台输出：正在处理第752/790张(金币商店奖励)
2025-11-19 17:14:31 INFO  com.ososx.tcg.officer.apps.cli.tpl.CliTplFrame Line:115 - 控制台输出：金币商店奖励 阅读完毕;
2025-11-19 17:14:31 INFO  com.ososx.tcg.officer.apps.cli.tpl.CliTplFrame Line:115 - 控制台输出：正在处理第753/790张(限定英雄召唤基础)
2025-11-19 17:14:31 INFO  com.ososx.tcg.officer.apps.cli.tpl.CliTplFrame Line:115 - 控制台输出：限定英雄召唤基础 阅读完毕;
2025-11-19 17:14:31 INFO  com.ososx.tcg.officer.apps.cli.tpl.CliTplFrame Line:115 - 控制台输出：正在处理第754/790张(限定英雄召唤方式)
2025-11-19 17:14:31 WARN  com.ososx.tcg.officer.apps.cli.tpl.CliTplCmd Line:163 - 表 限定英雄召唤方式 第4行是空行
2025-11-19 17:14:31 WARN  com.ososx.tcg.officer.apps.cli.tpl.CliTplCmd Line:163 - 表 限定英雄召唤方式 第5行是空行
2025-11-19 17:14:31 WARN  com.ososx.tcg.officer.apps.cli.tpl.CliTplCmd Line:163 - 表 限定英雄召唤方式 第6行是空行
2025-11-19 17:14:31 WARN  com.ososx.tcg.officer.apps.cli.tpl.CliTplCmd Line:163 - 表 限定英雄召唤方式 第7行是空行
2025-11-19 17:14:31 WARN  com.ososx.tcg.officer.apps.cli.tpl.CliTplCmd Line:163 - 表 限定英雄召唤方式 第8行是空行
2025-11-19 17:14:31 WARN  com.ososx.tcg.officer.apps.cli.tpl.CliTplCmd Line:163 - 表 限定英雄召唤方式 第9行是空行
2025-11-19 17:14:31 WARN  com.ososx.tcg.officer.apps.cli.tpl.CliTplCmd Line:163 - 表 限定英雄召唤方式 第10行是空行
2025-11-19 17:14:31 WARN  com.ososx.tcg.officer.apps.cli.tpl.CliTplCmd Line:163 - 表 限定英雄召唤方式 第11行是空行
2025-11-19 17:14:31 WARN  com.ososx.tcg.officer.apps.cli.tpl.CliTplCmd Line:163 - 表 限定英雄召唤方式 第12行是空行
2025-11-19 17:14:31 WARN  com.ososx.tcg.officer.apps.cli.tpl.CliTplCmd Line:163 - 表 限定英雄召唤方式 第13行是空行
2025-11-19 17:14:31 WARN  com.ososx.tcg.officer.apps.cli.tpl.CliTplCmd Line:163 - 表 限定英雄召唤方式 第14行是空行
2025-11-19 17:14:31 WARN  com.ososx.tcg.officer.apps.cli.tpl.CliTplCmd Line:163 - 表 限定英雄召唤方式 第15行是空行
2025-11-19 17:14:31 INFO  com.ososx.tcg.officer.apps.cli.tpl.CliTplFrame Line:115 - 控制台输出：限定英雄召唤方式 阅读完毕;
2025-11-19 17:14:33 INFO  com.ososx.tcg.officer.apps.cli.tpl.CliTplFrame Line:115 - 控制台输出：正在处理第755/790张(限定英雄召唤奖励)
2025-11-19 17:14:33 INFO  com.ososx.tcg.officer.apps.cli.tpl.CliTplFrame Line:115 - 控制台输出：限定英雄召唤奖励 阅读完毕;
2025-11-19 17:14:33 INFO  com.ososx.tcg.officer.apps.cli.tpl.CliTplFrame Line:115 - 控制台输出：正在处理第756/790张(限定英雄培养商店)
2025-11-19 17:14:33 INFO  com.ososx.tcg.officer.apps.cli.tpl.CliTplFrame Line:115 - 控制台输出：限定英雄培养商店 阅读完毕;
2025-11-19 17:14:33 INFO  com.ososx.tcg.officer.apps.cli.tpl.CliTplFrame Line:115 - 控制台输出：正在处理第757/790张(限定英雄商店)
2025-11-19 17:14:33 INFO  com.ososx.tcg.officer.apps.cli.tpl.CliTplFrame Line:115 - 控制台输出：限定英雄商店 阅读完毕;
2025-11-19 17:14:33 INFO  com.ososx.tcg.officer.apps.cli.tpl.CliTplFrame Line:115 - 控制台输出：正在处理第758/790张(限定英雄商品)
2025-11-19 17:14:33 INFO  com.ososx.tcg.officer.apps.cli.tpl.CliTplFrame Line:115 - 控制台输出：限定英雄商品 阅读完毕;
2025-11-19 17:14:33 INFO  com.ososx.tcg.officer.apps.cli.tpl.CliTplFrame Line:115 - 控制台输出：正在处理第759/790张(限定英雄升星活动)
2025-11-19 17:14:33 INFO  com.ososx.tcg.officer.apps.cli.tpl.CliTplFrame Line:115 - 控制台输出：限定英雄升星活动 阅读完毕;
2025-11-19 17:14:33 INFO  com.ososx.tcg.officer.apps.cli.tpl.CliTplFrame Line:115 - 控制台输出：正在处理第760/790张(限定英雄升星任务)
2025-11-19 17:14:33 INFO  com.ososx.tcg.officer.apps.cli.tpl.CliTplFrame Line:115 - 控制台输出：限定英雄升星任务 阅读完毕;
2025-11-19 17:14:33 INFO  com.ososx.tcg.officer.apps.cli.tpl.CliTplFrame Line:115 - 控制台输出：正在处理第761/790张(限时回退基础)
2025-11-19 17:14:33 INFO  com.ososx.tcg.officer.apps.cli.tpl.CliTplFrame Line:115 - 控制台输出：限时回退基础 阅读完毕;
2025-11-19 17:14:33 INFO  com.ososx.tcg.officer.apps.cli.tpl.CliTplFrame Line:115 - 控制台输出：正在处理第762/790张(限时回退方式)
2025-11-19 17:14:33 INFO  com.ososx.tcg.officer.apps.cli.tpl.CliTplFrame Line:115 - 控制台输出：限时回退方式 阅读完毕;
2025-11-19 17:14:33 INFO  com.ososx.tcg.officer.apps.cli.tpl.CliTplFrame Line:115 - 控制台输出：正在处理第763/790张(限时回退商店)
2025-11-19 17:14:33 INFO  com.ososx.tcg.officer.apps.cli.tpl.CliTplFrame Line:115 - 控制台输出：限时回退商店 阅读完毕;
2025-11-19 17:14:33 INFO  com.ososx.tcg.officer.apps.cli.tpl.CliTplFrame Line:115 - 控制台输出：正在处理第764/790张(限时玩法入口)
2025-11-19 17:14:33 INFO  com.ososx.tcg.officer.apps.cli.tpl.CliTplFrame Line:115 - 控制台输出：限时玩法入口 阅读完毕;
2025-11-19 17:14:33 INFO  com.ososx.tcg.officer.apps.cli.tpl.CliTplFrame Line:115 - 控制台输出：正在处理第765/790张(限时登陆基础)
2025-11-19 17:14:33 INFO  com.ososx.tcg.officer.apps.cli.tpl.CliTplFrame Line:115 - 控制台输出：已忽略【限时登陆基础】
2025-11-19 17:14:33 INFO  com.ososx.tcg.officer.apps.cli.tpl.CliTplFrame Line:115 - 控制台输出：正在处理第766/790张(限时登陆奖励)
2025-11-19 17:14:33 INFO  com.ososx.tcg.officer.apps.cli.tpl.CliTplFrame Line:115 - 控制台输出：已忽略【限时登陆奖励】
2025-11-19 17:14:33 INFO  com.ososx.tcg.officer.apps.cli.tpl.CliTplFrame Line:115 - 控制台输出：正在处理第767/790张(限时皮肤商店基础)
2025-11-19 17:14:33 INFO  com.ososx.tcg.officer.apps.cli.tpl.CliTplFrame Line:115 - 控制台输出：限时皮肤商店基础 阅读完毕;
2025-11-19 17:14:33 INFO  com.ososx.tcg.officer.apps.cli.tpl.CliTplFrame Line:115 - 控制台输出：正在处理第768/790张(限时皮肤商品)
2025-11-19 17:14:33 INFO  com.ososx.tcg.officer.apps.cli.tpl.CliTplFrame Line:115 - 控制台输出：限时皮肤商品 阅读完毕;
2025-11-19 17:14:33 INFO  com.ososx.tcg.officer.apps.cli.tpl.CliTplFrame Line:115 - 控制台输出：正在处理第769/790张(限时重置基础)
2025-11-19 17:14:33 INFO  com.ososx.tcg.officer.apps.cli.tpl.CliTplFrame Line:115 - 控制台输出：限时重置基础 阅读完毕;
2025-11-19 17:14:33 INFO  com.ososx.tcg.officer.apps.cli.tpl.CliTplFrame Line:115 - 控制台输出：正在处理第770/790张(限时重置消耗)
2025-11-19 17:14:33 INFO  com.ososx.tcg.officer.apps.cli.tpl.CliTplFrame Line:115 - 控制台输出：限时重置消耗 阅读完毕;
2025-11-19 17:14:33 INFO  com.ososx.tcg.officer.apps.cli.tpl.CliTplFrame Line:115 - 控制台输出：正在处理第771/790张(限时重置商店)
2025-11-19 17:14:33 INFO  com.ososx.tcg.officer.apps.cli.tpl.CliTplFrame Line:115 - 控制台输出：限时重置商店 阅读完毕;
2025-11-19 17:14:33 INFO  com.ososx.tcg.officer.apps.cli.tpl.CliTplFrame Line:115 - 控制台输出：正在处理第772/790张(置换英雄池)
2025-11-19 17:14:33 INFO  com.ososx.tcg.officer.apps.cli.tpl.CliTplFrame Line:115 - 控制台输出：已忽略【置换英雄池】
2025-11-19 17:14:33 INFO  com.ososx.tcg.officer.apps.cli.tpl.CliTplFrame Line:115 - 控制台输出：正在处理第773/790张(预约奖励详情)
2025-11-19 17:14:33 INFO  com.ososx.tcg.officer.apps.cli.tpl.CliTplFrame Line:115 - 控制台输出：已忽略【预约奖励详情】
2025-11-19 17:14:33 INFO  com.ososx.tcg.officer.apps.cli.tpl.CliTplFrame Line:115 - 控制台输出：正在处理第774/790张(估值)
2025-11-19 17:14:33 INFO  com.ososx.tcg.officer.apps.cli.tpl.CliTplFrame Line:115 - 控制台输出：已忽略【估值】
2025-11-19 17:14:33 INFO  com.ososx.tcg.officer.apps.cli.tpl.CliTplFrame Line:115 - 控制台输出：正在处理第775/790张(驱魔之夜基础)
2025-11-19 17:14:33 INFO  com.ososx.tcg.officer.apps.cli.tpl.CliTplFrame Line:115 - 控制台输出：驱魔之夜基础 阅读完毕;
2025-11-19 17:14:33 INFO  com.ososx.tcg.officer.apps.cli.tpl.CliTplFrame Line:115 - 控制台输出：正在处理第776/790张(驱魔之夜小鬼)
2025-11-19 17:14:33 INFO  com.ososx.tcg.officer.apps.cli.tpl.CliTplFrame Line:115 - 控制台输出：驱魔之夜小鬼 阅读完毕;
2025-11-19 17:14:33 INFO  com.ososx.tcg.officer.apps.cli.tpl.CliTplFrame Line:115 - 控制台输出：正在处理第777/790张(驱魔之夜随机奖励)
2025-11-19 17:14:33 INFO  com.ososx.tcg.officer.apps.cli.tpl.CliTplFrame Line:115 - 控制台输出：驱魔之夜随机奖励 阅读完毕;
2025-11-19 17:14:33 INFO  com.ososx.tcg.officer.apps.cli.tpl.CliTplFrame Line:115 - 控制台输出：正在处理第778/790张(驱魔之夜等级)
2025-11-19 17:14:33 INFO  com.ososx.tcg.officer.apps.cli.tpl.CliTplFrame Line:115 - 控制台输出：驱魔之夜等级 阅读完毕;
2025-11-19 17:14:33 INFO  com.ososx.tcg.officer.apps.cli.tpl.CliTplFrame Line:115 - 控制台输出：正在处理第779/790张(驱魔之夜任务)
2025-11-19 17:14:33 INFO  com.ososx.tcg.officer.apps.cli.tpl.CliTplFrame Line:115 - 控制台输出：驱魔之夜任务 阅读完毕;
2025-11-19 17:14:33 INFO  com.ososx.tcg.officer.apps.cli.tpl.CliTplFrame Line:115 - 控制台输出：正在处理第780/790张(驱魔之夜累积任务奖励)
2025-11-19 17:14:33 INFO  com.ososx.tcg.officer.apps.cli.tpl.CliTplFrame Line:115 - 控制台输出：驱魔之夜累积任务奖励 阅读完毕;
2025-11-19 17:14:33 INFO  com.ososx.tcg.officer.apps.cli.tpl.CliTplFrame Line:115 - 控制台输出：正在处理第781/790张(魔术戏法活动基础)
2025-11-19 17:14:33 INFO  com.ososx.tcg.officer.apps.cli.tpl.CliTplFrame Line:115 - 控制台输出：魔术戏法活动基础 阅读完毕;
2025-11-19 17:14:33 INFO  com.ososx.tcg.officer.apps.cli.tpl.CliTplFrame Line:115 - 控制台输出：正在处理第782/790张(魔术戏法BOSS)
2025-11-19 17:14:33 INFO  com.ososx.tcg.officer.apps.cli.tpl.CliTplFrame Line:115 - 控制台输出：魔术戏法BOSS 阅读完毕;
2025-11-19 17:14:33 INFO  com.ososx.tcg.officer.apps.cli.tpl.CliTplFrame Line:115 - 控制台输出：正在处理第783/790张(召唤类型)
2025-11-19 17:14:33 INFO  com.ososx.tcg.officer.apps.cli.tpl.CliTplFrame Line:115 - 控制台输出：召唤类型 阅读完毕;
2025-11-19 17:14:33 INFO  com.ososx.tcg.officer.apps.cli.tpl.CliTplFrame Line:115 - 控制台输出：正在处理第784/790张(魔术戏法召唤)
2025-11-19 17:14:33 INFO  com.ososx.tcg.officer.apps.cli.tpl.CliTplFrame Line:115 - 控制台输出：魔术戏法召唤 阅读完毕;
2025-11-19 17:14:33 INFO  com.ososx.tcg.officer.apps.cli.tpl.CliTplFrame Line:115 - 控制台输出：正在处理第785/790张(魔术戏法礼包)
2025-11-19 17:14:33 INFO  com.ososx.tcg.officer.apps.cli.tpl.CliTplFrame Line:115 - 控制台输出：魔术戏法礼包 阅读完毕;
2025-11-19 17:14:33 INFO  com.ososx.tcg.officer.apps.cli.tpl.CliTplFrame Line:115 - 控制台输出：正在处理第786/790张(魔术戏法兑换)
2025-11-19 17:14:33 WARN  com.ososx.tcg.officer.apps.cli.tpl.CliTplCmd Line:163 - 表 魔术戏法兑换 第28行是空行
2025-11-19 17:14:33 WARN  com.ososx.tcg.officer.apps.cli.tpl.CliTplCmd Line:163 - 表 魔术戏法兑换 第29行是空行
2025-11-19 17:14:33 WARN  com.ososx.tcg.officer.apps.cli.tpl.CliTplCmd Line:163 - 表 魔术戏法兑换 第30行是空行
2025-11-19 17:14:33 INFO  com.ososx.tcg.officer.apps.cli.tpl.CliTplFrame Line:115 - 控制台输出：魔术戏法兑换 阅读完毕;
2025-11-19 17:14:33 INFO  com.ososx.tcg.officer.apps.cli.tpl.CliTplFrame Line:115 - 控制台输出：正在处理第787/790张(鸿运当头基础)
2025-11-19 17:14:33 INFO  com.ososx.tcg.officer.apps.cli.tpl.CliTplFrame Line:115 - 控制台输出：鸿运当头基础 阅读完毕;
2025-11-19 17:14:33 INFO  com.ososx.tcg.officer.apps.cli.tpl.CliTplFrame Line:115 - 控制台输出：正在处理第788/790张(鸿运当头礼包)
2025-11-19 17:14:33 INFO  com.ososx.tcg.officer.apps.cli.tpl.CliTplFrame Line:115 - 控制台输出：鸿运当头礼包 阅读完毕;
2025-11-19 17:14:33 INFO  com.ososx.tcg.officer.apps.cli.tpl.CliTplFrame Line:115 - 控制台输出：正在处理第789/790张(鸿运当头开放日期)
2025-11-19 17:14:33 INFO  com.ososx.tcg.officer.apps.cli.tpl.CliTplFrame Line:115 - 控制台输出：鸿运当头开放日期 阅读完毕;
2025-11-19 17:14:33 INFO  com.ososx.tcg.officer.apps.cli.tpl.CliTplFrame Line:115 - 控制台输出：正在处理第790/790张(鸿运当头礼包池)
2025-11-19 17:14:33 INFO  com.ososx.tcg.officer.apps.cli.tpl.CliTplFrame Line:115 - 控制台输出：鸿运当头礼包池 阅读完毕;
2025-11-19 17:14:33 INFO  com.ososx.tcg.officer.apps.cli.tpl.CliTplFrame Line:115 - 控制台输出：正在写入文件...
2025-11-19 17:14:33 INFO  com.ososx.tcg.officer.apps.cli.tpl.CliTplFrame Line:115 - 控制台输出：打包完毕！耗时:22秒
